,Compound,Date,Negative,Neutral,Positive,Text,User
0,0.3612,Thu Mar 29 01:03:17 +0000 2018,0.783,0.0,0.217,"'I felt dead', kidnap survivor Amanda Lindhout tells court https://t.co/NznECdfAAz",@BBCWorld
1,0.0,Thu Mar 29 00:15:16 +0000 2018,1.0,0.0,0.0,'Lost' film predicting rise of Nazism returns to screen https://t.co/Bbql2v7fel,@BBCWorld
2,0.3818,Thu Mar 29 00:15:14 +0000 2018,0.698,0.0,0.302,Does Justin Trudeau apologise too much? https://t.co/eOnyBSRlXA,@BBCWorld
3,0.0,Thu Mar 29 00:03:00 +0000 2018,1.0,0.0,0.0,Cycling the length of the Dakota Access pipeline https://t.co/7IfdnlMQuh,@BBCWorld
4,0.5106,Wed Mar 28 23:48:28 +0000 2018,0.732,0.0,0.268,Carnival Cruise offers teen free trip for Snapchat handle https://t.co/95YpLMcz9w,@BBCWorld
5,0.8786,Wed Mar 28 23:32:23 +0000 2018,0.409,0.0,0.591,Inxeba wins South Africa film award despite ban attempt https://t.co/052nWUIMQj,@BBCWorld
6,0.0,Wed Mar 28 22:56:04 +0000 2018,1.0,0.0,0.0,Miguna Miguna : Kenya opposition figure deported again https://t.co/A55w4tOrBP,@BBCWorld
7,0.0,Wed Mar 28 22:33:26 +0000 2018,1.0,0.0,0.0,Malala returns to Pakistan after six years https://t.co/OqkO30wMcZ,@BBCWorld
8,0.0,Wed Mar 28 22:11:17 +0000 2018,1.0,0.0,0.0,Trump picks his doctor to replace Shulkin as veterans secretary https://t.co/wXZkhipmT2,@BBCWorld
9,-0.6249,Wed Mar 28 21:33:05 +0000 2018,0.549,0.451,0.0,Man has 'world's worst' super-gonorrhoea https://t.co/MV4ur4kzZV,@BBCWorld
10,-0.6908,Wed Mar 28 20:17:31 +0000 2018,0.598,0.402,0.0,Silent march in Paris after 'anti-Semitic' murder https://t.co/GHTDdMslp5,@BBCWorld
11,-0.3818,Wed Mar 28 19:34:17 +0000 2018,0.755,0.245,0.0,Aziza Oubaita on the fight of her life https://t.co/rQlPJt8UTN,@BBCWorld
12,-0.5859,Wed Mar 28 19:29:54 +0000 2018,0.847,0.153,0.0,RT @BBCBreaking: UK police probing poisoning of ex-spy and daughter believe first contact with nerve agent came from their front door https‚Ä¶,@BBCWorld
13,0.3802,Wed Mar 28 19:24:18 +0000 2018,0.915,0.0,0.085,"RT @amolrajanBBC: Hey guys. Repeat after me, please! Data is not the new oil. Data is not the new oil. Data is not the new oil. Data is not‚Ä¶",@BBCWorld
14,0.0,Wed Mar 28 19:09:43 +0000 2018,1.0,0.0,0.0,Spain police recover artefacts looted by IS in Libya https://t.co/YYbxtwBMkh,@BBCWorld
15,0.0,Wed Mar 28 17:34:13 +0000 2018,1.0,0.0,0.0,"RT @BBCScotlandNews: In the 1980s, 'Hercules' the bear was a star. He had roles in adverts, films and even received a telegram from US Pres‚Ä¶",@BBCWorld
16,-0.3182,Wed Mar 28 17:34:06 +0000 2018,0.82,0.18,0.0,"Ecuador cuts Julian Assange's internet connection at its embassy in London, preventing him from communicating with‚Ä¶ https://t.co/GmISwgfdpl",@BBCWorld
17,0.0,Wed Mar 28 17:13:44 +0000 2018,1.0,0.0,0.0,Ireland's abortion referendum to be held on 25 May https://t.co/gkiI7Ygl0n,@BBCWorld
18,0.5719,Wed Mar 28 17:09:09 +0000 2018,0.548,0.142,0.311,"Police officer Arnaud Beltrame ""fell as a hero"" after showing ""exceptional courage"" during Islamist attack https://t.co/72NKU8TEHU",@BBCWorld
19,-0.5423,Wed Mar 28 17:04:52 +0000 2018,0.72,0.28,0.0,Houston officer kills unarmed man walking with trousers down https://t.co/PSY710USjk,@BBCWorld
20,0.3612,Wed Mar 28 16:27:48 +0000 2018,0.783,0.0,0.217,Trump keen to meet Kim after 'successful' China talks https://t.co/ADYeZ5Y3fI,@BBCWorld
21,-0.4404,Wed Mar 28 16:02:21 +0000 2018,0.775,0.225,0.0,"For Parkland students, high profiles bring wave of personal attacks https://t.co/kxGh2ifScx",@BBCWorld
22,0.0,Wed Mar 28 15:57:53 +0000 2018,1.0,0.0,0.0,Poland signs $4.75bn deal to buy US Patriot missiles https://t.co/908MV984r3,@BBCWorld
23,0.0,Wed Mar 28 15:37:10 +0000 2018,1.0,0.0,0.0,Madrid police dogs get 'Mozart effect' music therapy https://t.co/gZCt2nHSHR,@BBCWorld
24,0.2235,Wed Mar 28 15:31:26 +0000 2018,0.91,0.0,0.09,"RT @BBCNews: ""I have cerebral palsy. But that won't stop me from becoming a barrister."" 

This is Daniel's story

https://t.co/fTssqqhK7D h‚Ä¶",@BBCWorld
25,-0.7096,Wed Mar 28 14:46:13 +0000 2018,0.543,0.457,0.0,Alexandre Bissonnette pleads guilty to Quebec mosque attack https://t.co/SHS5UcQmz9,@BBCWorld
26,-0.4767,Wed Mar 28 14:34:06 +0000 2018,0.721,0.279,0.0,Clara Ponsati: Arrested Catalan politician released on bail https://t.co/UI5TiPgPY0,@BBCWorld
27,-0.5574,Wed Mar 28 14:06:10 +0000 2018,0.581,0.419,0.0,Australia bans cricketers over cheating https://t.co/LdcatmztQg,@BBCWorld
28,0.765,Wed Mar 28 13:42:35 +0000 2018,0.431,0.0,0.569,Did lottery win teen choose wisely? https://t.co/PheTk7Qodo,@BBCWorld
29,0.0,Wed Mar 28 13:37:05 +0000 2018,1.0,0.0,0.0,Ireland to get first official nude beach https://t.co/0mBiqRqovl,@BBCWorld
30,-0.296,Wed Mar 28 13:37:05 +0000 2018,0.804,0.196,0.0,Adea Shabani: Body of missing actress 'found' in California https://t.co/iZrQ3OcyTQ,@BBCWorld
31,-0.6808,Wed Mar 28 13:36:10 +0000 2018,0.669,0.255,0.076,"RT @BBCSport: A country at war, no league competition since 2014 and unable to play games at home.

None of that stopped Yemen, who have re‚Ä¶",@BBCWorld
32,0.4939,Wed Mar 28 13:03:04 +0000 2018,0.738,0.0,0.262,Former Disney star Caroline Sunshine joins Trump's press office https://t.co/RAh3MKl5qB,@BBCWorld
33,0.0,Wed Mar 28 12:48:50 +0000 2018,1.0,0.0,0.0,Stormy Daniels seeks Trump testimony on her sex claims https://t.co/7LJOHbCNVt,@BBCWorld
34,0.1027,Wed Mar 28 12:36:18 +0000 2018,0.826,0.079,0.095,RT @BBCtrending: What do you do when your 13-year-old is acting a bit snobbish? This mum's answer started a huge debate about entitlement a‚Ä¶,@BBCWorld
35,0.0,Wed Mar 28 12:10:13 +0000 2018,1.0,0.0,0.0,Paris ceremony for police officer Arnaud Beltrame https://t.co/Cps7oENssK,@BBCWorld
36,0.0,Wed Mar 28 12:02:04 +0000 2018,1.0,0.0,0.0,Stephon Clark's brother storms Sacramento council meeting https://t.co/jgPI0VRlxe,@BBCWorld
37,0.0,Wed Mar 28 11:41:54 +0000 2018,1.0,0.0,0.0,Abiy Ahmed named as head of Ethiopia's EPRDF ruling coalition https://t.co/so2ojRtP7H,@BBCWorld
38,0.4265,Wed Mar 28 10:56:42 +0000 2018,0.287,0.247,0.466,Florida shooting survivor: Befriending killer wouldn't stop murder https://t.co/s26YZaWOpZ,@BBCWorld
39,0.0,Wed Mar 28 10:41:39 +0000 2018,1.0,0.0,0.0,Ecuador searches for reporters kidnapped in border area https://t.co/cxSPwvkMuu,@BBCWorld
40,0.0,Wed Mar 28 10:30:54 +0000 2018,1.0,0.0,0.0,"""He gave his life for strangers.""

President Macron leads national memorial service in Paris for French police offi‚Ä¶ https://t.co/ms8yHkg2Cb",@BBCWorld
41,0.0,Wed Mar 28 10:02:46 +0000 2018,1.0,0.0,0.0,RT @richard_conway: Cricket Australia on future leadership roles: https://t.co/nZV2Ynjpud,@BBCWorld
42,-0.4767,Wed Mar 28 10:02:21 +0000 2018,0.86,0.14,0.0,"RT @richard_conway: Steve Smith and David Warner suspended for 12 months. Bancroft given 9 month suspension.
Cricket Australia reveal key f‚Ä¶",@BBCWorld
43,-0.9081,Wed Mar 28 09:27:31 +0000 2018,0.412,0.588,0.0,Vicky Momberg: South African estate agent jailed for racist abuse https://t.co/SHjRO0LzZV,@BBCWorld
44,-0.6705,Wed Mar 28 09:23:48 +0000 2018,0.645,0.355,0.0,Syria war: Troops mass around last rebel town in Eastern Ghouta https://t.co/JsQwkaX89Z,@BBCWorld
45,-0.6124,Wed Mar 28 09:23:48 +0000 2018,0.545,0.455,0.0,Russia Kemerovo fire: First funerals take place https://t.co/mToI9WSIBa,@BBCWorld
46,0.2846,Wed Mar 28 09:18:48 +0000 2018,0.688,0.153,0.159,"Utah trooper hit by skidding car üòÆ 

Warning: you may find this video distressing ‚Äî but thankfully the officer was‚Ä¶ https://t.co/EsaqwkrZxD",@BBCWorld
47,0.0,Wed Mar 28 08:47:44 +0000 2018,1.0,0.0,0.0,Kim Jong-un has visited China for his first known foreign trip since taking office in 2011 üá∞üáµüá®üá≥ https://t.co/T821HpArit,@BBCWorld
48,-0.6808,Wed Mar 28 08:39:24 +0000 2018,0.556,0.444,0.0,Spy poisoning: Russian media accuse West of 'crusade' https://t.co/p7czMSUiMi,@BBCWorld
49,-0.6901,Wed Mar 28 07:44:36 +0000 2018,0.808,0.192,0.0,"RT @BBCSteveR: ""In many ways, what we have now is more dangerous than the Cold War."" My take on escalating tension between Russia and the W‚Ä¶",@BBCWorld
50,0.5859,Wed Mar 28 07:01:38 +0000 2018,0.612,0.0,0.388,Win Myint elected new Myanmar president https://t.co/KEV0A6uAmD,@BBCWorld
51,0.0,Wed Mar 28 06:28:00 +0000 2018,1.0,0.0,0.0,Walmart shelves 'hyper-sexualised' Cosmo https://t.co/xBTmkeReDT,@BBCWorld
52,-0.7184,Wed Mar 28 06:26:05 +0000 2018,0.778,0.222,0.0,"RT @BBCSteveR: On this day of national mourning in Russia, one paper here declares: ""Today Russia is crying for the children of Kemerovo.""‚Ä¶",@BBCWorld
53,0.0,Wed Mar 28 04:44:44 +0000 2018,1.0,0.0,0.0,Utah trooper hit by skidding car https://t.co/sgr0ZHWwX3,@BBCWorld
54,0.0,Wed Mar 28 04:26:50 +0000 2018,1.0,0.0,0.0,Kim in Beijing: Why Xi's still the one he needs to see https://t.co/PefHB8UprZ,@BBCWorld
55,0.128,Wed Mar 28 04:26:50 +0000 2018,0.544,0.211,0.245,Tr√®bes attack: Paris ceremony for hero policeman Arnaud Beltrame https://t.co/6naeoAd4HT,@BBCWorld
56,0.0,Wed Mar 28 04:18:40 +0000 2018,1.0,0.0,0.0,"Australia's indigenous languages have one source, study says https://t.co/7QoMFrTeBU",@BBCWorld
57,0.0,Wed Mar 28 04:18:40 +0000 2018,0.645,0.177,0.177,Tesla and Nvidia shares fall amid driverless car doubts https://t.co/ZvAPiF6wgd,@BBCWorld
58,0.5719,Wed Mar 28 04:18:40 +0000 2018,0.73,0.0,0.27,Canada teen wins $1000 a week for life on 18th birthday https://t.co/NeTuIPmXby,@BBCWorld
59,-0.7783,Wed Mar 28 04:18:40 +0000 2018,0.473,0.527,0.0,Alton Sterling: No charges in 2016 fatal police shooting https://t.co/ahSn5LVRLc,@BBCWorld
60,0.0,Wed Mar 28 04:05:47 +0000 2018,1.0,0.0,0.0,N Korea's Kim Jong-un visits China's Xi https://t.co/SEc2LT35DA,@BBCWorld
61,0.4019,Wed Mar 28 02:14:16 +0000 2018,0.881,0.0,0.119,"RT @BBCNewsAsia: Definitely not something you see every day. üêò

A video of a 'smoking' wild elephant in India is baffling scientists and wi‚Ä¶",@BBCWorld
62,-0.4019,Wed Mar 28 01:44:28 +0000 2018,0.891,0.109,0.0,"RT @BBCNewsAsia: Vietnamese singer and activist Mai Khoi has been detained in Hanoi on her return home from a European tour.

She was held‚Ä¶",@BBCWorld
63,0.0,Wed Mar 28 01:34:04 +0000 2018,1.0,0.0,0.0,Letter from Africa: Will age be a factor in Zimbabwe's poll? https://t.co/4UunbFffbZ,@BBCWorld
64,-0.0772,Wed Mar 28 01:34:04 +0000 2018,0.822,0.178,0.0,The world's toughest place to study? https://t.co/JdkkQo8XtQ,@BBCWorld
65,0.0,Wed Mar 28 00:41:30 +0000 2018,1.0,0.0,0.0,Can the ad industry persuade us to eat more vegetables? https://t.co/Jtss2hwwHd,@BBCWorld
66,0.2732,Wed Mar 28 00:33:33 +0000 2018,0.792,0.0,0.208,5 pop songs you didn't know were about God https://t.co/lL4RlGDqWc,@BBCWorld
67,0.4404,Wed Mar 28 00:16:30 +0000 2018,0.804,0.0,0.196,Kim Jong-un's Beijing visit is considered a significant step in North Korea's preparation for talks agreed in princ‚Ä¶ https://t.co/eD7Xv8h709,@BBCWorld
68,0.5859,Wed Mar 28 00:04:15 +0000 2018,0.817,0.0,0.183,"@BBCBreaking North Korea's leader Kim Jong-un has visited Beijing and held ""successful talks"" with Chinese leader X‚Ä¶ https://t.co/bvNkLb8m89",@BBCWorld
69,0.0,Tue Mar 27 23:50:38 +0000 2018,1.0,0.0,0.0,China confirms Kim Jong-un visit https://t.co/eRxfJKgLZc,@BBCWorld
70,-0.7841,Tue Mar 27 23:50:38 +0000 2018,0.537,0.463,0.0,Fired Vancouver waiter case: Are the French really rude? https://t.co/ETb72MasiY,@BBCWorld
71,0.5095,Tue Mar 27 21:37:00 +0000 2018,0.798,0.0,0.202,RT @BBCDanielS: BBC Exclusive interview with Sergei Skripal‚Äôs niece: ‚ÄúI would really like to know how they are‚Äù https://t.co/UQHT7fZv2y,@BBCWorld
72,0.0,Tue Mar 27 21:20:33 +0000 2018,1.0,0.0,0.0,"This 'smoking' elephant in India is baffling experts

https://t.co/4oBCX8OR7q https://t.co/5nVKiPNUZF",@BBCWorld
73,-0.2516,Tue Mar 27 20:14:24 +0000 2018,0.603,0.229,0.168,Spy poisoning: 'I would really like to know how they are' https://t.co/6hK6i3Co1S,@BBCWorld
74,0.0,Tue Mar 27 19:19:12 +0000 2018,1.0,0.0,0.0,Brazilian sports reporters tackle on-air groping https://t.co/MOxFd4yreE,@BBCWorld
75,0.6705,Tue Mar 27 18:14:45 +0000 2018,0.538,0.13,0.332,"RT @BBCNews: Owl ring-bearer attacks best man at wedding... prompting hoots of laughter ü¶â

https://t.co/DjhjEdoYhy https://t.co/2x3bedxedn",@BBCWorld
76,-0.25,Tue Mar 27 18:13:18 +0000 2018,0.778,0.222,0.0,Nearly a million watch cat stuck up pole https://t.co/aw9PbAliF3,@BBCWorld
77,-0.5106,Tue Mar 27 18:02:09 +0000 2018,0.798,0.202,0.0,"RT @BBCSport: Australia coach Darren Lehmann denied ball-tampering during the Ashes when questioned at Johannesburg airport by @danroan 

W‚Ä¶",@BBCWorld
78,-0.4588,Tue Mar 27 17:57:01 +0000 2018,0.857,0.143,0.0,"RT @richard_conway: Sanctions announced against the three players within 24 hours by Cricket Australia. 
A nation is incensed, a Prime Mini‚Ä¶",@BBCWorld
79,0.7964,Tue Mar 27 17:51:11 +0000 2018,0.664,0.0,0.336,"I want to apologise to ""kids who love cricket and idolise the players"" - Cricket Australia boss James Sutherland on‚Ä¶ https://t.co/evTGNOU23c",@BBCWorld
80,0.2023,Tue Mar 27 17:41:16 +0000 2018,0.913,0.0,0.087,"RT @richard_conway: Smith, Bancroft and Warner said to be only players with knowledge of ball tampering intentions... significant words in‚Ä¶",@BBCWorld
81,-0.34,Tue Mar 27 17:40:24 +0000 2018,0.806,0.194,0.0,Russia fire: Protester spoke on the phone to dying wife https://t.co/YDLIjNDGNg,@BBCWorld
82,0.0,Tue Mar 27 17:34:28 +0000 2018,1.0,0.0,0.0,"RT @bbctms: James Sutherland says only 3 people involved in ball tampering incident. 

Steve Smith, David Warner &amp; Cameron Bancroft. 

""Ser‚Ä¶",@BBCWorld
83,0.0,Tue Mar 27 17:33:54 +0000 2018,1.0,0.0,0.0,RT @richard_conway: Full statement from Cricket Australia: https://t.co/GqIh4ynYtE,@BBCWorld
84,0.0,Tue Mar 27 17:32:03 +0000 2018,1.0,0.0,0.0,"Australia ball-tampering: Steve Smith, David Warner, Cameron Bancroft sent home https://t.co/gBTooWUkS4",@BBCWorld
85,0.0,Tue Mar 27 17:26:01 +0000 2018,1.0,0.0,0.0,"RT @richard_conway: Cricket Australia to conduct review into conduct and culture of team.
Sanctions to be announced within 24 hours.",@BBCWorld
86,-0.0516,Tue Mar 27 17:23:13 +0000 2018,0.938,0.062,0.0,"RT @richard_conway: Breaking:
Cricket Australia say Steve Smith, David Warner, Cameron Bancroft to leave South Africa tomorrow.
Head coach‚Ä¶",@BBCWorld
87,-0.3182,Tue Mar 27 17:19:43 +0000 2018,0.723,0.277,0.0,JWST: Hubble 'successor' faces new delay https://t.co/eXx0Vxqfb6,@BBCWorld
88,-0.296,Tue Mar 27 17:04:02 +0000 2018,0.82,0.18,0.0,France to lower school starting age from six to three https://t.co/Us998C0PsN,@BBCWorld
89,-0.4767,Tue Mar 27 16:43:51 +0000 2018,0.721,0.279,0.0,William Strampel: Michigan supervisor of Larry Nassar arrested https://t.co/1dROZkhAjO,@BBCWorld
90,-0.5719,Tue Mar 27 16:21:50 +0000 2018,0.701,0.299,0.0,Kemerovo fire: Who are the victims in the Russia leisure centre blaze? https://t.co/tX0BjbjBtL,@BBCWorld
91,0.5423,Tue Mar 27 16:18:52 +0000 2018,0.759,0.0,0.241,"RT @BBC_HaveYourSay: Chicago superior? The phenomenon of the media-savvy slam-dunk nun
https://t.co/p6WqsUEDY7",@BBCWorld
92,-0.6808,Tue Mar 27 16:12:28 +0000 2018,0.556,0.444,0.0,Kemerovo fire damage seen from inside gutted mall https://t.co/O75q4RgqPx,@BBCWorld
93,0.0,Tue Mar 27 16:07:05 +0000 2018,1.0,0.0,0.0,"Twenty million Indians apply for 100,000 railway jobs https://t.co/DzmNwTG5wQ",@BBCWorld
94,0.0,Tue Mar 27 15:52:10 +0000 2018,1.0,0.0,0.0,When is a diplomat really just a spy? https://t.co/b8C7t86gI5,@BBCWorld
95,0.0,Tue Mar 27 15:43:35 +0000 2018,1.0,0.0,0.0,Why bear cubs are spending longer with their mothers https://t.co/LabQd7LPk3,@BBCWorld
96,0.7906,Tue Mar 27 15:37:39 +0000 2018,0.462,0.0,0.538,US teen author wins Astrid Lindgren prize https://t.co/X7PfD88XPo,@BBCWorld
97,-0.3182,Tue Mar 27 14:28:00 +0000 2018,0.723,0.277,0.0,Argentine government mocked over heterosexuality tweet https://t.co/Ve8pBTidUa,@BBCWorld
98,0.5106,Tue Mar 27 14:13:24 +0000 2018,0.852,0.0,0.148,".@NATO is reducing the size of the Russian mission to the organisation, in a ""strong message"" to Moscow after Salis‚Ä¶ https://t.co/VKb4QKoy1a",@BBCWorld
99,-0.7269,Tue Mar 27 13:20:49 +0000 2018,0.496,0.504,0.0,Kemerovo fire: Crowds direct fury at Putin https://t.co/kfzgKL64BQ,@BBCWorld
100,-0.6486,Thu Mar 29 01:16:03 +0000 2018,0.725,0.275,0.0,Why the Stevens gun manifesto is beyond irresponsible | By Robert A. Levy via @CNNOpinion https://t.co/FnBVWPEwG1 https://t.co/x3vxslFVQI,@CNN
101,0.5267,Thu Mar 29 01:10:59 +0000 2018,0.455,0.182,0.364,A 12-year-old boy who survived cancer finally got his wish: a kiss from Pope Francis https://t.co/hMPCnn54AW https://t.co/MK4xso1SkF,@CNN
102,0.3348,Thu Mar 29 01:08:02 +0000 2018,0.913,0.0,0.087,RT @OutFrontCNN: Rudy! Rudy! Rudy! ...can you hear me now? We have an ear-y feeling Rudy Giuliani got his wires crossed with some of the la‚Ä¶,@CNN
103,-0.1531,Thu Mar 29 01:06:06 +0000 2018,0.873,0.127,0.0,All the President's lawsuits | Analysis by CNN's Z. Byron Wolf https://t.co/FjfLWkUXLJ https://t.co/ETvCrQhzxp,@CNN
104,0.3612,Thu Mar 29 01:02:07 +0000 2018,0.848,0.0,0.152,A brief history of how Parkland survivor David Hogg keeps schooling lawmakers on social media‚Ä¶ https://t.co/gNYlPEKegD,@CNN
105,-0.2263,Thu Mar 29 00:45:17 +0000 2018,0.899,0.101,0.0,"A judge handed a small victory to Tesla shareholders, allowing them to move forward with a lawsuit against CEO Elon‚Ä¶ https://t.co/mlOgFkO6Ra",@CNN
106,-0.2462,Thu Mar 29 00:38:29 +0000 2018,0.673,0.205,0.122,"The ""Roseanne"" reboot is damn good. The star deserves none of the credit. | By Clay Cane via @CNNOpinion‚Ä¶ https://t.co/ahjsn8swjE",@CNN
107,0.4404,Thu Mar 29 00:36:33 +0000 2018,0.854,0.0,0.146,"RT @OutFrontCNN: ""We're all sinners, nobody understands that better than Evangelicals‚Ä¶we believe we all need forgiveness."" - Evangelical Je‚Ä¶",@CNN
108,-0.7096,Thu Mar 29 00:36:22 +0000 2018,0.629,0.371,0.0,A dramatic night-vision video captures a US raid to kill ISIS fighters https://t.co/aZcs03C79X https://t.co/Z4AoSdOvVY,@CNN
109,0.4588,Thu Mar 29 00:35:31 +0000 2018,0.88,0.0,0.12,"RT @OutFrontCNN: ""She signed the contract, she received the benefit of the contract. It was signed by the other party."" Michael Cohen's att‚Ä¶",@CNN
110,0.3818,Thu Mar 29 00:24:50 +0000 2018,0.874,0.0,0.126,Donations pour in for a high school rifle team after the school board votes against accepting an NRA grant‚Ä¶ https://t.co/MSnEeZdHgs,@CNN
111,-0.0516,Thu Mar 29 00:11:03 +0000 2018,0.934,0.066,0.0,President Trump's campaign touted the administration's move to add a question about citizenship status to the US Ce‚Ä¶ https://t.co/W0f7SGr3md,@CNN
112,-0.5994,Thu Mar 29 00:06:05 +0000 2018,0.611,0.279,0.109,Thousands of people marched through Paris to protest the killing of a Holocaust survivor in her home‚Ä¶ https://t.co/zqfYkmsLVD,@CNN
113,0.0258,Thu Mar 29 00:01:07 +0000 2018,0.948,0.0,0.052,"The White House calls police shootings of black men a ""local matter"" that ""should be left up to the local authoriti‚Ä¶ https://t.co/nektBUdjeE",@CNN
114,0.0,Wed Mar 28 23:56:06 +0000 2018,1.0,0.0,0.0,"George Conway, husband of White House counselor Kellyanne Conway, appears to be trolling President Trump‚Ä¶ https://t.co/NUmgl5Ms4T",@CNN
115,-0.5267,Wed Mar 28 23:51:03 +0000 2018,0.794,0.206,0.0,Authorities and the Sacramento Kings are preparing for protests that are expected Thursday after the funeral for St‚Ä¶ https://t.co/wYLH5W0049,@CNN
116,0.128,Wed Mar 28 23:46:07 +0000 2018,0.927,0.0,0.073,"US President Trump granted tariff exemptions to six countries and the European Union, but ""it's not an exemption li‚Ä¶ https://t.co/nE0wY3IAVf",@CNN
117,0.5267,Wed Mar 28 23:41:03 +0000 2018,0.825,0.0,0.175,"Emails reveal the Department of Justice would have ""very little involvement"" if President Trump tweeted a pardon‚Ä¶ https://t.co/UYNvBIqLcE",@CNN
118,0.4497,Wed Mar 28 23:36:05 +0000 2018,0.871,0.0,0.129,"A new bill in Kansas would not only authorize the arming of school staff, but would hold schools responsible if a s‚Ä¶ https://t.co/0raMQKJkXD",@CNN
119,-0.5423,Wed Mar 28 23:31:01 +0000 2018,0.8,0.2,0.0,Some Twitter users are outraged that Netflix appointed Susan Rice to its board https://t.co/ZVA60bqn62 https://t.co/9TjTGHh20c,@CNN
120,-0.4767,Wed Mar 28 23:26:03 +0000 2018,0.838,0.162,0.0,Ecuador says it has again suspended Julian Assange's outside communications access at its embassy in London‚Ä¶ https://t.co/ANmsVaviGV,@CNN
121,-0.5994,Wed Mar 28 23:21:05 +0000 2018,0.794,0.206,0.0,"Sudden infant death syndrome may have a genetic basis in some cases, a new study suggests https://t.co/04uPE4IHBs https://t.co/d15ipkOky1",@CNN
122,0.5267,Wed Mar 28 23:14:38 +0000 2018,0.455,0.182,0.364,A 12-year-old boy who survived cancer finally got his wish: a kiss from Pope Francis https://t.co/lZqCCbVV6b https://t.co/Ncy22YwUuu,@CNN
123,0.5994,Wed Mar 28 22:58:00 +0000 2018,0.766,0.0,0.234,The Justice Department's internal watchdog announced it has launched a probe into the department and the FBI's hand‚Ä¶ https://t.co/ccQQChOlBu,@CNN
124,0.891,Wed Mar 28 22:49:31 +0000 2018,0.654,0.0,0.346,Nobel Peace Prize winner Malala Yousafzai is back in Pakistan for the first time since she was shot in the face and‚Ä¶ https://t.co/O6HJRNK5ml,@CNN
125,0.0,Wed Mar 28 22:46:23 +0000 2018,1.0,0.0,0.0,Maserati unveiled a 590 horsepower high performance version of its Levante crossover SUV at the New York Auto Show‚Ä¶ https://t.co/y7jpECCr2J,@CNN
126,0.128,Wed Mar 28 22:36:50 +0000 2018,0.919,0.0,0.081,"Exclusive: In depositions, the Karolyis say they knew nothing of former USA Gymnastics doctor Larry Nassar's abuse‚Ä¶ https://t.co/6gOzBZ6j4g",@CNN
127,0.0,Wed Mar 28 22:19:46 +0000 2018,1.0,0.0,0.0,"Sen. Chris Coons: ""It is concerning to me that the President is increasingly seeming to manage his cabinet more lik‚Ä¶ https://t.co/TCZaET9mBG",@CNN
128,-0.7003,Wed Mar 28 22:15:11 +0000 2018,0.721,0.279,0.0,"Rep. Steve King's remark about outspoken Parkland student Emma Gonzalez ""betrays a lack of understanding about the‚Ä¶ https://t.co/GZB7Hy487F",@CNN
129,0.34,Wed Mar 28 22:09:38 +0000 2018,0.87,0.0,0.13,"Susan Rice, a former UN ambassador and national security adviser under President Barack Obama, has joined Netflix's‚Ä¶ https://t.co/oXEfylqYkT",@CNN
130,-0.296,Wed Mar 28 22:07:26 +0000 2018,0.885,0.115,0.0,"White House press secretary Sarah Sanders refused to answer whether President Donald Trump was aware of a $130,000‚Ä¶ https://t.co/bJ2feNKSpL",@CNN
131,0.0,Wed Mar 28 22:04:14 +0000 2018,1.0,0.0,0.0,"Sources describe four yet-to-be-released videos recorded the night of the shooting of Alton Sterling as ""very graph‚Ä¶ https://t.co/gpokg872eO",@CNN
132,0.0,Wed Mar 28 21:53:22 +0000 2018,1.0,0.0,0.0,"President Donald Trump says Veterans Affairs Secretary David Shulkin is out, and that Shulkin will be replaced with‚Ä¶ https://t.co/v03PKc6WVZ",@CNN
133,0.8286,Wed Mar 28 21:49:47 +0000 2018,0.711,0.0,0.289,"President Trump thanked Shulkin via Twitter for his ""service to our country and to our GREAT VETERANS"" and said Rob‚Ä¶ https://t.co/9FvpdZJr2f",@CNN
134,0.0,Wed Mar 28 21:44:46 +0000 2018,1.0,0.0,0.0,"BREAKING: President Donald Trump says Veterans Affairs Secretary David Shulkin is out, and that he'll be replaced w‚Ä¶ https://t.co/GOXcsz3wzn",@CNN
135,0.0,Wed Mar 28 21:37:46 +0000 2018,1.0,0.0,0.0,UK detectives say they believe the former Russian double agent Sergei Skripal and his daughter first encountered a‚Ä¶ https://t.co/ICwOpi9mPc,@CNN
136,-0.6249,Wed Mar 28 21:26:53 +0000 2018,0.788,0.212,0.0,"Former Vice President Joe Biden regrets saying that if he were in high school, he would fight President Trump over‚Ä¶ https://t.co/l4oVqppV40",@CNN
137,0.0,Wed Mar 28 21:23:39 +0000 2018,1.0,0.0,0.0,"RT @CNNnewsroom: ""There's this power of nostalgia in this family...but they were also the quintessential working class, white, exurban fami‚Ä¶",@CNN
138,0.0,Wed Mar 28 21:20:38 +0000 2018,1.0,0.0,0.0,"News that Cambridge Analytica, a data firm with ties to President Trump's campaign, reportedly accessed information‚Ä¶ https://t.co/HLBbE15VgU",@CNN
139,0.3612,Wed Mar 28 21:11:01 +0000 2018,0.884,0.0,0.116,TESS the planet hunter is getting ready to launch next month. The Transiting Exoplanet Survey Satellite is NASA's n‚Ä¶ https://t.co/IjwXc4IsiY,@CNN
140,0.4767,Wed Mar 28 21:02:45 +0000 2018,0.837,0.0,0.163,"Sen. Kennedy on what he'd ask Zuckerberg: ""Is it a fair bargain for me to give up all my personal data to Facebook,‚Ä¶ https://t.co/yxDzoJoacU",@CNN
141,0.0,Wed Mar 28 20:48:51 +0000 2018,1.0,0.0,0.0,"If you were running for President, would you have your deputy campaign manager speak to a former Russian intelligen‚Ä¶ https://t.co/DjjDdZY1fC",@CNN
142,0.3182,Wed Mar 28 20:35:03 +0000 2018,0.638,0.132,0.23,"A generation ago, Republicans focused on reforming the nation's safety net by requiring poor mothers to work. Now,‚Ä¶ https://t.co/vaMFi5ajZD",@CNN
143,0.0,Wed Mar 28 20:31:05 +0000 2018,1.0,0.0,0.0,"13,000-year-old footprints were found off the Canadian coast https://t.co/Yq3Ijx9hnL https://t.co/vonY3PKKWB",@CNN
144,0.6808,Wed Mar 28 20:26:19 +0000 2018,0.752,0.0,0.248,"Vice President Mike Pence's hometown of Columbus, Indiana, plans to hold its first LGBT Pride Festival next month‚Ä¶ https://t.co/EML8EDzuby",@CNN
145,0.3612,Wed Mar 28 20:18:28 +0000 2018,0.857,0.0,0.143,"RT @TheLeadCNN: President Trump in December, 2017: ‚ÄúI don‚Äôt want to talk about pardons of Michael Flynn yet, we‚Äôll see what happens, let‚Äôs‚Ä¶",@CNN
146,-0.6705,Wed Mar 28 20:13:55 +0000 2018,0.744,0.256,0.0,"A lawsuit alleging that gifts from foreign governments to President Trump may be illegal can go forward, a federal‚Ä¶ https://t.co/yA2asY7QE0",@CNN
147,0.6486,Wed Mar 28 20:06:30 +0000 2018,0.823,0.0,0.177,"People may have snickered at President Trump's call for a US ""space force,"" but ""the laughter masks the fact that t‚Ä¶ https://t.co/5SF9c5JyI1",@CNN
148,0.25,Wed Mar 28 20:05:27 +0000 2018,0.621,0.155,0.224,"RT @CNNMoney: Nasdaq drops nearly 1% on tech slump. Dow inches lower, giving up early gains. Tesla tumbles 8%, Amazon loses 4%. https://t.c‚Ä¶",@CNN
149,0.4404,Wed Mar 28 20:02:52 +0000 2018,0.879,0.0,0.121,A majority of Democratic voters in New York City believe Gov. Andrew Cuomo would be better for the city than his pr‚Ä¶ https://t.co/8T7hHOJQ9t,@CNN
150,0.0,Wed Mar 28 19:59:54 +0000 2018,1.0,0.0,0.0,"RT @CNNnewsroom: ""President Trump is not the same as the Donald Trump from 12 years ago, and so we can't try to make a comparison between t‚Ä¶",@CNN
151,0.5719,Wed Mar 28 19:56:39 +0000 2018,0.81,0.0,0.19,A federal judge approved $75 million worth of loans to Remington so the company can keep making guns as it works th‚Ä¶ https://t.co/XXNzhHcujS,@CNN
152,0.4588,Wed Mar 28 19:50:43 +0000 2018,0.85,0.0,0.15,Most world leaders visiting other countries make a grand entrance by stepping off a large jet. North Korean leader‚Ä¶ https://t.co/ChgciHqyBu,@CNN
153,-0.296,Wed Mar 28 19:37:33 +0000 2018,0.804,0.196,0.0,Why Trump country is worried about Trump's tariffs https://t.co/mJZHMYxLYj https://t.co/JYL14Rea3j,@CNN
154,0.34,Wed Mar 28 19:26:34 +0000 2018,0.87,0.0,0.13,"13,000-year-old footprints were found off the coast of a Canadian island, giving researchers insight into life duri‚Ä¶ https://t.co/bJEFqwFXAk",@CNN
155,0.296,Wed Mar 28 19:11:16 +0000 2018,0.891,0.0,0.109,"President Trump's lawyer John Dowd floated the idea of presidential pardons for Paul Manafort and Michael Flynn, Th‚Ä¶ https://t.co/KByVdSCtVj",@CNN
156,0.0772,Wed Mar 28 19:05:40 +0000 2018,0.933,0.0,0.067,"RT @CNNnewsroom: Perhaps President Trump is secretly thinking, 'I want [Michael Avenatti] as my lawyer'"" - constitutional attorney Page Pat‚Ä¶",@CNN
157,0.0,Wed Mar 28 19:01:48 +0000 2018,1.0,0.0,0.0,Ireland will hold a referendum on May 25 on whether abortion should be legalized https://t.co/mrdrnzvUu8,@CNN
158,0.128,Wed Mar 28 18:57:56 +0000 2018,0.894,0.0,0.106,"RT @CNNPolitics: Sarah Sanders says specific instances of the police using deadly force are a ""local matter"" but that they want to make sur‚Ä¶",@CNN
159,-0.1779,Wed Mar 28 18:54:59 +0000 2018,0.737,0.124,0.138,White House press secretary Sarah Sanders: ‚ÄúWe've put out a number of solutions to fix the DACA problem. Democrats‚Ä¶ https://t.co/O7nnEV5sJO,@CNN
160,0.0,Wed Mar 28 18:53:35 +0000 2018,1.0,0.0,0.0,RT @CNNPolitics: White House press secretary Sarah Sanders deflects a question about a New York Times report that Trump‚Äôs lawyer John Dowd‚Ä¶,@CNN
161,-0.6369,Wed Mar 28 18:49:05 +0000 2018,0.811,0.189,0.0,Asked about the President's reaction after Louisiana's decision not to charge the officers who fatally shot Alton S‚Ä¶ https://t.co/QQTKf6os8i,@CNN
162,0.0,Wed Mar 28 18:47:53 +0000 2018,1.0,0.0,0.0,"China's military put on a show of force in the South China Sea, new satellite images show, with drills at sea and i‚Ä¶ https://t.co/N85diPGDYY",@CNN
163,0.0,Wed Mar 28 18:34:24 +0000 2018,1.0,0.0,0.0,President Trump says on Twitter that Chinese President Xi Jinping told him that his meeting with North Korean dicta‚Ä¶ https://t.co/lZWjNbrGgO,@CNN
164,0.1027,Wed Mar 28 18:21:08 +0000 2018,0.928,0.0,0.072,The Academy of Motion Picture Arts and Sciences has cleared its president of an allegation of sexual harassment‚Ä¶ https://t.co/3XKpRdI5lG,@CNN
165,0.0,Wed Mar 28 18:17:46 +0000 2018,1.0,0.0,0.0,"Sarah Sanders holds the White House press briefing. Watch CNN: https://t.co/UYpqI3w42L

Follow live updates:‚Ä¶ https://t.co/vBDGbXTzAz",@CNN
166,-0.7845,Wed Mar 28 18:08:02 +0000 2018,0.639,0.361,0.0,A lawsuit that accuses President Trump of taking illegal gifts from foreign governments through his family's busine‚Ä¶ https://t.co/SXASep2Xru,@CNN
167,0.0,Wed Mar 28 17:57:38 +0000 2018,1.0,0.0,0.0,The first case of super-resistant gonorrhea has been reported in the UK https://t.co/GOja5c0gMM https://t.co/UUx3RLYVid,@CNN
168,0.1531,Wed Mar 28 17:43:37 +0000 2018,0.918,0.0,0.082,A Democratic candidate challenging Rep. Devin Nunes in California took in more than $1 million in the first quarter‚Ä¶ https://t.co/LjKe92qgbw,@CNN
169,0.0,Wed Mar 28 17:29:31 +0000 2018,1.0,0.0,0.0,"Donations to the NRA tripled in the weeks after the February 14 school shooting in Parkland, Florida https://t.co/UjFiYo7Goz",@CNN
170,0.0,Wed Mar 28 17:16:26 +0000 2018,1.0,0.0,0.0,Here's how to file for an extension on your 2017 taxes https://t.co/kcrFFyLZrw,@CNN
171,-0.2732,Wed Mar 28 17:02:02 +0000 2018,0.884,0.116,0.0,A Pennsylvania judge threw out involuntary manslaughter charges against 11 members of a Penn State fraternity in th‚Ä¶ https://t.co/XoBKqZRHvf,@CNN
172,0.4215,Wed Mar 28 16:50:12 +0000 2018,0.865,0.0,0.135,"The first meeting of Trump's school safety commission, formed after the Parkland school shooting, will not be open‚Ä¶ https://t.co/MxlHWRwbLn",@CNN
173,0.0,Wed Mar 28 16:39:30 +0000 2018,1.0,0.0,0.0,This 21-year-old journalist is Pakistan's first transgender news anchor https://t.co/SKTfuDvGE4 https://t.co/4Fwpgnvaf2,@CNN
174,0.4939,Wed Mar 28 16:26:15 +0000 2018,0.814,0.0,0.186,Former Disney Channel star Caroline Sunshine is joining the White House press team https://t.co/74OVxcGGqy https://t.co/EpV2rUWHIM,@CNN
175,-0.5574,Wed Mar 28 16:16:20 +0000 2018,0.841,0.159,0.0,A New York City lawmaker has introduced a bill that would make it illegal for businesses to email or instant messag‚Ä¶ https://t.co/wUHqQmh8yw,@CNN
176,-0.34,Wed Mar 28 16:02:13 +0000 2018,0.87,0.13,0.0,Officials are opening an arson investigation into a fire that began Monday at Joshua Tree National Park‚Ä¶ https://t.co/f2Hae37YfK,@CNN
177,0.0,Wed Mar 28 15:50:10 +0000 2018,1.0,0.0,0.0,"Planned Parenthood is facing a backlash after one of its branches tweeted, and then deleted, a post suggesting Disn‚Ä¶ https://t.co/18BAjdclrA",@CNN
178,0.25,Wed Mar 28 15:42:17 +0000 2018,0.917,0.0,0.083,"As the Stormy Daniels saga plays out in the news, Trump hasn't held a public event at the White House all week, and‚Ä¶ https://t.co/x7rJ4VexWW",@CNN
179,0.0,Wed Mar 28 15:33:58 +0000 2018,1.0,0.0,0.0,"Australia just released its report on an investigation into mesh implants that left some women with ""rotting pelvis‚Ä¶ https://t.co/SiUOmyOiY6",@CNN
180,0.7184,Wed Mar 28 15:23:04 +0000 2018,0.714,0.0,0.286,The amazing turnaround for BlackBerry continues: Shares were up early Wednesday after the company reported earnings‚Ä¶ https://t.co/Fve8YzCdOn,@CNN
181,-0.128,Wed Mar 28 15:15:22 +0000 2018,0.93,0.07,0.0,"Here are some of the things US taxpayers are getting for their $700 billion military budget:
-F-35 Joint Strike Fig‚Ä¶ https://t.co/cos7DJW790",@CNN
182,0.0,Wed Mar 28 15:01:14 +0000 2018,1.0,0.0,0.0,Former Sen. Rick Santorum says he misspoke earlier this week when suggesting that students should learn CPR instead‚Ä¶ https://t.co/pxqONULrqK,@CNN
183,0.0,Wed Mar 28 14:50:00 +0000 2018,1.0,0.0,0.0,CNN's Anderson Cooper will host a town hall with former FBI Director James Comey on April 25 https://t.co/6ggD8uNOTw https://t.co/rlGXRvofuu,@CNN
184,0.4215,Wed Mar 28 14:42:43 +0000 2018,0.602,0.157,0.241,"Restaurant partnerships with third parties like GrubHub and Uber Eats come with serious risks, including shrinking‚Ä¶ https://t.co/N56AFeexmv",@CNN
185,0.0,Wed Mar 28 14:32:23 +0000 2018,1.0,0.0,0.0,Of course Trump was going to seize on the far-fetched Second Amendment repeal idea | Analysis by @zbyronwolf https://t.co/LfQhvCLmCn,@CNN
186,0.34,Wed Mar 28 14:16:30 +0000 2018,0.888,0.0,0.112,"Former sheriff Joe Arpaio suggested that he would, if elected to the Senate, revive the debunked ""birther"" claim th‚Ä¶ https://t.co/3DH2q0N76n",@CNN
187,0.0,Wed Mar 28 14:04:15 +0000 2018,1.0,0.0,0.0,A data-crunching firm co-founded by Facebook board member Peter Thiel is investigating links between one of its emp‚Ä¶ https://t.co/X3tVZjl0OC,@CNN
188,-0.7579,Wed Mar 28 13:51:17 +0000 2018,0.711,0.289,0.0,Two designers of a massive waterslide in Kansas have been charged with second-degree murder in connection with the‚Ä¶ https://t.co/SujkSD20zo,@CNN
189,0.0,Wed Mar 28 13:38:58 +0000 2018,1.0,0.0,0.0,"The internet is burning with theories about ""Bite-gate"" after Tiffany Haddish said an actress bit Beyonc√© last Dece‚Ä¶ https://t.co/BPNAjJHFFp",@CNN
190,-0.4019,Wed Mar 28 13:27:16 +0000 2018,0.803,0.197,0.0,Here's an unheard-of problem: The US President can't find a laywer https://t.co/UTnhdFZ3yj https://t.co/rDX2NTATUQ,@CNN
191,0.4215,Wed Mar 28 13:16:02 +0000 2018,0.781,0.0,0.219,Facebook is making its privacy settings easier to find https://t.co/SCyngOIRup https://t.co/HLTAddbhgn,@CNN
192,-0.4588,Wed Mar 28 13:04:28 +0000 2018,0.857,0.143,0.0,Facebook isn't the only big internet business whose stock is taking a beating ‚Äî China's biggest tech stock is getti‚Ä¶ https://t.co/1tIMEEB5qI,@CNN
193,0.0,Wed Mar 28 12:52:25 +0000 2018,1.0,0.0,0.0,"Sen. John McCain is penning ""his most personal book in years"" that will offer ""his no-holds-barred opinions on the‚Ä¶ https://t.co/IpyMM8t0E9",@CNN
194,-0.5106,Wed Mar 28 12:41:05 +0000 2018,0.829,0.171,0.0,"All 22 Democratic and Republican female senators have written a letter expressing their ""deep disappointment"" in th‚Ä¶ https://t.co/UYuQYgCm1t",@CNN
195,0.0,Wed Mar 28 12:29:39 +0000 2018,1.0,0.0,0.0,Stormy Daniels' attorney has filed a motion in federal court seeking to depose President Donald Trump and his lawye‚Ä¶ https://t.co/kshk7QvYq8,@CNN
196,0.0,Wed Mar 28 12:18:08 +0000 2018,1.0,0.0,0.0,A citizenship question on the 2020 Census could prompt a blank response from non-citizens https://t.co/UWVTK1QP2c https://t.co/QIB4wkq2Ry,@CNN
197,0.0,Wed Mar 28 12:07:09 +0000 2018,1.0,0.0,0.0,China throws Trump a curveball ahead of his meeting with Kim https://t.co/l7oSpihm9g,@CNN
198,-0.34,Wed Mar 28 11:56:15 +0000 2018,0.595,0.244,0.161,The UK's biggest left-wing party is mired in an antisemitism crisis https://t.co/5E7sGUcAms,@CNN
199,-0.4019,Wed Mar 28 11:46:03 +0000 2018,0.769,0.231,0.0,An unheard-of problem: The President can't find a lawyer https://t.co/5b8ZDhUgJh https://t.co/l0Q9dGmYI5,@CNN
200,-0.5994,Thu Mar 29 01:00:01 +0000 2018,0.837,0.163,0.0,"In the wake of the shooting death of Stephon Clark by Sacramento police, the city's mayor said Wednesday that ""impl‚Ä¶ https://t.co/mgMxp12XY4",@CBSNews
201,0.0,Thu Mar 29 00:47:02 +0000 2018,1.0,0.0,0.0,"""One source framed [Hope Hicks] as someone who keeps the White House from fracturing and that people are underestim‚Ä¶ https://t.co/1RP3Hvx7AR",@CBSNews
202,-0.5423,Thu Mar 29 00:40:01 +0000 2018,0.844,0.156,0.0,Feds launch manhunt for prisoner who escaped JFK airport just before he was going to be deported to Senegal.‚Ä¶ https://t.co/MjpqF1VGzo,@CBSNews
203,0.4939,Thu Mar 29 00:20:01 +0000 2018,0.814,0.0,0.186,Researcher who inspired Cambridge Analytica's data harvesting says era of privacy is over. https://t.co/Z7ifs0B3SK https://t.co/YAx0C8k7JU,@CBSNews
204,0.5423,Thu Mar 29 00:00:01 +0000 2018,0.851,0.0,0.149,White House has renewed optimism with North Korea after Kim Jong Un met with Chinese President Xi Jinping in Beijin‚Ä¶ https://t.co/2GpNTtfapt,@CBSNews
205,0.6124,Wed Mar 28 23:45:30 +0000 2018,0.714,0.0,0.286,"""It's a dream come true."" Fabiano Caruana became the first American to reach a World Chess Championship since Bobby‚Ä¶ https://t.co/IToRNpacMl",@CBSNews
206,-0.5423,Wed Mar 28 23:33:56 +0000 2018,0.821,0.179,0.0,@CBSNews ‚ÄúThe abrupt dismissal of Secretary Shulkin is a troubling step in the Trump Administration‚Äôs ultimate goal‚Ä¶ https://t.co/rpIbkkEHFd,@CBSNews
207,-0.4215,Wed Mar 28 23:20:30 +0000 2018,0.691,0.211,0.098,Atlanta was warned months before a recent cyberattack that its IT systems could easily come under attack if they we‚Ä¶ https://t.co/xR17NCf0Xc,@CBSNews
208,-0.7717,Wed Mar 28 23:04:04 +0000 2018,0.606,0.32,0.074,"Federal agents are hunting a prisoner described as a ""violent deportee"" who made a dramatic escape at JFK airport.‚Ä¶ https://t.co/ioZpxtptjR",@CBSNews
209,0.6124,Wed Mar 28 23:01:53 +0000 2018,0.783,0.0,0.217,"Facebook controlled its privacy¬†settings, making it easier for¬†users to control what they share¬†and to delete perso‚Ä¶ https://t.co/JMSjHC1Iqy",@CBSNews
210,0.8176,Wed Mar 28 23:00:02 +0000 2018,0.691,0.0,0.309,"Mike Pence's hometown set to host its first ever gay pride festival, thanks to the efforts of an Indiana high schoo‚Ä¶ https://t.co/a2taWz271v",@CBSNews
211,0.0,Wed Mar 28 22:57:30 +0000 2018,1.0,0.0,0.0,"RT @CBSEveningNews: Pilots in two different planes, one a Learjet, the other an American Airlines jet, reported seeing a mysterious object‚Ä¶",@CBSNews
212,-0.34,Wed Mar 28 22:57:15 +0000 2018,0.897,0.103,0.0,"""He told a fellow student,¬†don't come to school on May¬†1st because I'm going to shoot¬†up the school."" A foreign exc‚Ä¶ https://t.co/kpWmIWsWd0",@CBSNews
213,-0.4767,Wed Mar 28 22:50:49 +0000 2018,0.866,0.134,0.0,San Francisco police say it started as a hatchet attack and turned deadly when a group of people were mowed down by‚Ä¶ https://t.co/ILXunut2qf,@CBSNews
214,0.3182,Wed Mar 28 22:46:57 +0000 2018,0.887,0.0,0.113,"The White House remains ""cautiously optimistic"" about @POTUS meeting with Kim Jong Un after the secret Beijing meet‚Ä¶ https://t.co/grkJacTUWZ",@CBSNews
215,0.7003,Wed Mar 28 22:42:03 +0000 2018,0.707,0.0,0.293,Special counsel Robert Mueller revealed a link between the Trump campaign and Russian intelligence. @PaulaReidCBS r‚Ä¶ https://t.co/94mNwXODqP,@CBSNews
216,-0.34,Wed Mar 28 22:38:16 +0000 2018,0.888,0.112,0.0,"@CBSNews¬†""Shulkin came under fire after an inspector general report in February found he used taxpayer money to pur‚Ä¶ https://t.co/8hUf3gqogP",@CBSNews
217,0.3182,Wed Mar 28 22:34:51 +0000 2018,0.887,0.0,0.113,"Secretary of VA David Shulkin is being replaced by Admiral Ronny Jackson, White House physician for President Obama‚Ä¶ https://t.co/JqLIWuuUkJ",@CBSNews
218,0.0,Wed Mar 28 22:15:01 +0000 2018,1.0,0.0,0.0,The Department of Justice's internal watchdog announced it will review the DOJ and FBI's compliance with the law an‚Ä¶ https://t.co/6IQY8PaRdQ,@CBSNews
219,-0.8658,Wed Mar 28 22:00:02 +0000 2018,0.553,0.447,0.0,"One dead, four injured in hit-and-run in San Francisco following a dispute, police say. https://t.co/9rWGVNBwHX https://t.co/2Cnbx7mPNX",@CBSNews
220,-0.4019,Wed Mar 28 21:57:02 +0000 2018,0.837,0.163,0.0,"@CBSNews¬†""A bunch of other cabinet secretaries who have been given warnings. But also, the West Wing shakeups of a‚Ä¶ https://t.co/KWCE2GHA27",@CBSNews
221,0.1154,Wed Mar 28 21:51:30 +0000 2018,0.932,0.0,0.068,"@CBSNews¬†""I don't think people are surprised, but people are taken aback yet again that the president has once agai‚Ä¶ https://t.co/AHGat6N64O",@CBSNews
222,-0.4767,Wed Mar 28 21:46:00 +0000 2018,0.86,0.14,0.0,"@CBSNews MORE: On March 14, @MajorCBS reported that Shulkin's job was ""in jeopardy due to continued fallout from tr‚Ä¶ https://t.co/k82VoTjLOU",@CBSNews
223,0.0,Wed Mar 28 21:43:31 +0000 2018,1.0,0.0,0.0,"JUST IN: Secretary David Shulkin is out at Department of Veterans Affairs, according to tweet from Pres. Trump; Shu‚Ä¶ https://t.co/WDHc9db1K4",@CBSNews
224,-0.6808,Wed Mar 28 21:17:24 +0000 2018,0.644,0.265,0.091,"Sacramento mayor: ""Implied racism is an undeniable factor in the way these sorts of tragedies play out...all of us‚Ä¶ https://t.co/rrdqbxNxOk",@CBSNews
225,-0.802,Wed Mar 28 21:00:45 +0000 2018,0.714,0.286,0.0,Wednesday marks the 39th anniversary of the nuclear power accident at Three Mile Island -- the worst nuclear accide‚Ä¶ https://t.co/aMZRsm2IC7,@CBSNews
226,0.0516,Wed Mar 28 20:45:01 +0000 2018,0.781,0.104,0.115,"""Inaction is unacceptable."" All 22 female senators urge Senate leadership to begin debating legislation helping peo‚Ä¶ https://t.co/QhBk0Bm108",@CBSNews
227,0.6249,Wed Mar 28 20:30:01 +0000 2018,0.758,0.0,0.242,"Since 2006, Facebook has repeatedly promised to safeguard users' data through redesigns and by putting privacy cont‚Ä¶ https://t.co/5UIOrXkIVU",@CBSNews
228,-0.2263,Wed Mar 28 20:15:01 +0000 2018,0.909,0.091,0.0,A federal judge is allowing the state of Maryland and the District of Columbia to partially proceed in a lawsuit ac‚Ä¶ https://t.co/Kx5zlbq1SZ,@CBSNews
229,0.2732,Wed Mar 28 19:55:36 +0000 2018,0.909,0.0,0.091,Kim Jong Un's surprise visit to China was the first time the North Korean leader had left the country since assumin‚Ä¶ https://t.co/KNQtFfSutH,@CBSNews
230,0.0,Wed Mar 28 19:50:39 +0000 2018,1.0,0.0,0.0,"A group of 40 Wisconsin students trekked 50 miles from Madison to House Speaker Paul Ryan's hometown of Janesville,‚Ä¶ https://t.co/CSKOzJhf70",@CBSNews
231,-0.2732,Wed Mar 28 19:35:01 +0000 2018,0.905,0.095,0.0,"""I don't think people realize what's about to happen once she leaves."" White House staffers are nervous over the de‚Ä¶ https://t.co/AWTt6aCBow",@CBSNews
232,0.0,Wed Mar 28 19:20:25 +0000 2018,1.0,0.0,0.0,"The reboot of ""Roseanne"" nabbed stellar ratings on Tuesday night, with 18.2 million viewers tuning in. The show, wh‚Ä¶ https://t.co/wiT5t9MlP0",@CBSNews
233,-0.4019,Wed Mar 28 19:00:51 +0000 2018,0.87,0.13,0.0,"""Spielburgers"" are the new Steven Spielberg-inspired burgers by fast food chain Carl's Jr. One problem with the pla‚Ä¶ https://t.co/y8EfrkWn9z",@CBSNews
234,0.3818,Wed Mar 28 18:40:48 +0000 2018,0.885,0.0,0.115,"@CBSNews¬†""I think we should do everything we can to protect the people of this country. I think the president, whet‚Ä¶ https://t.co/3NWHYR63f4",@CBSNews
235,0.6124,Wed Mar 28 18:35:40 +0000 2018,0.76,0.0,0.24,"@CBSNews¬†""Certainly we want to make sure that all law enforcement is carrying out the letter of the law. The presid‚Ä¶ https://t.co/qM7j2NeL52",@CBSNews
236,-0.1531,Wed Mar 28 18:31:56 +0000 2018,0.72,0.131,0.148,"""Certainly a terrible incident. It is something that is a local matter, something we feel should be left up to loca‚Ä¶ https://t.co/UeqvSaoBBr",@CBSNews
237,0.0258,Wed Mar 28 18:26:36 +0000 2018,0.945,0.0,0.055,"@CBSNews¬†""As I said, a statement from the president's attorney at the White House on these matters has said there i‚Ä¶ https://t.co/wBHRkOS4oW",@CBSNews
238,-0.296,Wed Mar 28 18:23:00 +0000 2018,0.896,0.104,0.0,@CBSNews¬†Q: Is the White House worried about what Michael Fynn or Paul Manafort might to tell Robert Mueller?‚Ä¶ https://t.co/Iu55LTOHfn,@CBSNews
239,0.1027,Wed Mar 28 18:20:53 +0000 2018,0.814,0.085,0.101,"""I would refer you back to the statement from Ty Cobb, in which he said, '... that no partners are under discussion‚Ä¶ https://t.co/yn8dY7J8T3",@CBSNews
240,0.0,Wed Mar 28 18:14:30 +0000 2018,1.0,0.0,0.0,White House holds press briefing as news of North Korean leader Kim Jong Un's trip to China spreads.‚Ä¶ https://t.co/r6RLDvhcKB,@CBSNews
241,-0.2732,Wed Mar 28 18:00:03 +0000 2018,0.688,0.178,0.134,Pope Francis invited a boy with Down syndrome who survived cancer onto his popemobile during a visit to the Vatican‚Ä¶ https://t.co/A5yIQtBhQ7,@CBSNews
242,0.0,Wed Mar 28 17:51:24 +0000 2018,1.0,0.0,0.0,"HAPPENING NOW: Students arrive in House Speaker Paul Ryan‚Äôs hometown Janesville, Wisconsin, after marching 50 miles‚Ä¶ https://t.co/zgdPDZNHd7",@CBSNews
243,-0.5563,Wed Mar 28 17:45:01 +0000 2018,0.834,0.166,0.0,"An 8-year-old boy with a very sick father penned a letter to President Trump just before Christmas, asking for help‚Ä¶ https://t.co/4ZoliegaQL",@CBSNews
244,0.0,Wed Mar 28 17:20:01 +0000 2018,1.0,0.0,0.0,An immigration detainee about to be deported to Senegal escaped custody at New York's JFK Airport and fled in a tax‚Ä¶ https://t.co/UOISJJnowm,@CBSNews
245,0.128,Wed Mar 28 17:01:01 +0000 2018,0.786,0.096,0.118,"Police in Florida are looking for a missing dad who owes $500,000 in child support last seen paddleboarding in ocea‚Ä¶ https://t.co/aNL2mJsWS9",@CBSNews
246,0.1779,Wed Mar 28 16:45:55 +0000 2018,0.495,0.223,0.283,"A boy with down syndrome who is a cancer survivor had his wish fulfilled when Pope Francis stopped his popemobile,‚Ä¶ https://t.co/Eqg2DypLum",@CBSNews
247,-0.6705,Wed Mar 28 16:31:29 +0000 2018,0.809,0.191,0.0,"The brother of Stephon Clark, who was killed earlier this month by police in Sacramento, disrupted a forum to discu‚Ä¶ https://t.co/Yr9qowVqJx",@CBSNews
248,-0.6705,Wed Mar 28 16:15:01 +0000 2018,0.727,0.273,0.0,5 killed after car plunges off cliff along California's Pacific Coast Highway: https://t.co/QWhFTi3CyA https://t.co/UO7oL3stVM,@CBSNews
249,-0.1027,Wed Mar 28 16:01:01 +0000 2018,0.903,0.097,0.0,Facebook says it'll pay you to report third-party apps that misuse data: https://t.co/Khudn2TU3e https://t.co/AcyYWz0wyV,@CBSNews
250,0.0,Wed Mar 28 15:45:01 +0000 2018,1.0,0.0,0.0,"Sen. John McCain ""holds nothing back"" in his new memoir that will be released in May, his publisher says:‚Ä¶ https://t.co/sAUDYDKGE8",@CBSNews
251,0.1531,Wed Mar 28 15:30:02 +0000 2018,0.904,0.0,0.096,"Americans have grown increasingly polarized in their views on global warming, according to a new poll‚Ä¶ https://t.co/TJQJhtVCSQ",@CBSNews
252,-0.4404,Wed Mar 28 15:15:01 +0000 2018,0.828,0.172,0.0,"Actor Corey Feldman claims he was stabbed in Los Angeles, authorities say; police investigating:‚Ä¶ https://t.co/P8k3mfV67u",@CBSNews
253,0.4939,Wed Mar 28 14:55:39 +0000 2018,0.849,0.0,0.151,"Stormy Daniels' attorney Michael Avenatti is confident in his motion to depose President Trump, saying it relies on‚Ä¶ https://t.co/kEq5bGOgxE",@CBSNews
254,0.4767,Wed Mar 28 14:35:01 +0000 2018,0.846,0.0,0.154,"Paul Manafort and Rick Gates worked with Russian intelligence agent during the campaign, according to documents fil‚Ä¶ https://t.co/9yFcr8CVoQ",@CBSNews
255,0.0,Wed Mar 28 14:15:01 +0000 2018,1.0,0.0,0.0,"Two airline pilots traveling over Arizona claim they were passed by a UFO while flying at over 30,000 feet in the a‚Ä¶ https://t.co/fkJioSzsY4",@CBSNews
256,-0.34,Wed Mar 28 14:00:25 +0000 2018,0.902,0.098,0.0,"This car accidentally ended up in a swimming pool when a mom who thought she put it in park got out, leaving her hu‚Ä¶ https://t.co/HblpcrosDd",@CBSNews
257,0.0,Wed Mar 28 13:45:01 +0000 2018,1.0,0.0,0.0,"Stormy Daniels, who claims she had a sexual encounter with President Trump, will make an appearance at a D.C. strip‚Ä¶ https://t.co/X6anFUTgvB",@CBSNews
258,0.0,Wed Mar 28 13:30:30 +0000 2018,1.0,0.0,0.0,A former Disney Channel star now has a job in the White House. https://t.co/Xfmq1Hvj0d,@CBSNews
259,-0.5994,Wed Mar 28 13:15:01 +0000 2018,0.83,0.17,0.0,"Frontman of Eagles of Death Metal calls out survivors of the Florida school massacre, using his experience as a sho‚Ä¶ https://t.co/a3kCTmFOyt",@CBSNews
260,0.5994,Wed Mar 28 13:00:02 +0000 2018,0.776,0.0,0.224,"President Trump says there is a ""good chance"" North Korean leader Kim Jong Un will do ""what is right""‚Ä¶ https://t.co/vdVMKZlAVe",@CBSNews
261,0.25,Wed Mar 28 12:45:06 +0000 2018,0.9,0.0,0.1,Jewelry designer Kendra Scott believes she's living the American dream. She is a college dropout who became an entr‚Ä¶ https://t.co/gISgvU7a4Y,@CBSNews
262,0.0772,Wed Mar 28 12:43:56 +0000 2018,0.939,0.0,0.061,"RT @CBSThisMorning: .@Lyft co-founder @johnzimmer says he occasionally drives for Lyft so he can ""learn the challenges of being a driver on‚Ä¶",@CBSNews
263,0.0,Wed Mar 28 12:43:25 +0000 2018,1.0,0.0,0.0,COMING UP on @CBSThisMorning: Jewelry designer @KendraScott started her billion-dollar business by taking handmade‚Ä¶ https://t.co/3w5s4OAsVF,@CBSNews
264,0.0,Wed Mar 28 12:39:09 +0000 2018,1.0,0.0,0.0,"Author Ross Douthat joins @CBSThisMorning to discuss his new book ""To Change the Church"" about the controversy over‚Ä¶ https://t.co/vPhubFlk8A",@CBSNews
265,0.0,Wed Mar 28 12:35:59 +0000 2018,1.0,0.0,0.0,Here‚Äôs a look at some of this morning‚Äôs other headlines on @CBSThisMorning https://t.co/b13njtFQkL,@CBSNews
266,-0.34,Wed Mar 28 12:30:01 +0000 2018,0.882,0.118,0.0,Wisconsin high school students marching for gun reform are expected to finish a 50-mile journey to House Speaker Pa‚Ä¶ https://t.co/64fdcQiPjg,@CBSNews
267,-0.4137,Wed Mar 28 12:21:08 +0000 2018,0.901,0.099,0.0,"RT @CBSThisMorning: How did we get here? Could this all have been avoided? 

""Yes... I lay all of this at the feet of Michael Cohen, from t‚Ä¶",@CBSNews
268,-0.3612,Wed Mar 28 12:18:47 +0000 2018,0.872,0.128,0.0,The president of ride-sharing company Lyft says the deadly collision involving an Uber self-driving SUV could have‚Ä¶ https://t.co/8rSCnwmloG,@CBSNews
269,0.5267,Wed Mar 28 12:15:01 +0000 2018,0.784,0.0,0.216,"Stormy Daniels lawyer Michael Avenatti says his motion to depose President Trump is ""well supported"" by law‚Ä¶ https://t.co/DkLwSNAOFt",@CBSNews
270,-0.34,Wed Mar 28 12:09:43 +0000 2018,0.882,0.118,0.0,Wisconsin high school students marching for gun reform are expected to finish a 50-mile journey this morning. The 4‚Ä¶ https://t.co/4wYCr8dbXR,@CBSNews
271,0.0,Wed Mar 28 12:05:44 +0000 2018,1.0,0.0,0.0,Stormy Daniels' attorney Michael Avenatti filed a motion asking a federal judge for permission to question Presiden‚Ä¶ https://t.co/AXjEJJtnB5,@CBSNews
272,0.4215,Wed Mar 28 12:05:01 +0000 2018,0.851,0.0,0.149,Facebook says it is overhauling its privacy controls to make them easier to use amid backlash:‚Ä¶ https://t.co/fES0CwGzy4,@CBSNews
273,0.0,Wed Mar 28 11:53:06 +0000 2018,1.0,0.0,0.0,Here‚Äôs a look at some of this morning‚Äôs other headlines on @CBSThisMorning https://t.co/RmBbo4VUFD,@CBSNews
274,0.296,Wed Mar 28 11:47:51 +0000 2018,0.901,0.0,0.099,AHEAD on @CBSThisMorning: The president of Lyft will be in Studio 57 to share what‚Äôs next for his company‚Äôs driverl‚Ä¶ https://t.co/TvuMjhnh2a,@CBSNews
275,0.4588,Wed Mar 28 11:45:27 +0000 2018,0.85,0.0,0.15,"WATCH: A U.S. Navy submarine makes a grand entrance in the Arctic Ocean, emerging through thick ice during a traini‚Ä¶ https://t.co/Lr0LG4IEVU",@CBSNews
276,-0.6249,Wed Mar 28 11:44:56 +0000 2018,0.661,0.26,0.079,"Couple sues University Hospitals after losing their ""only chances"" in fertility clinic failure in which 4,000 eggs‚Ä¶ https://t.co/sJSmgLY87s",@CBSNews
277,-0.7964,Wed Mar 28 11:43:41 +0000 2018,0.633,0.367,0.0,"An abandoned Chinese space station is hurtling out-of-control toward earth, and could crash this weekend. Scientist‚Ä¶ https://t.co/Lnll3mh7ch",@CBSNews
278,0.0,Wed Mar 28 11:39:34 +0000 2018,1.0,0.0,0.0,"A Chinese space station the size of a bus is expected to fall to earth this weekend. Ahead on @CBSThisMorning, how‚Ä¶ https://t.co/0o8AuHRZCR",@CBSNews
279,-0.7506,Wed Mar 28 11:35:47 +0000 2018,0.72,0.28,0.0,Human error may be to blame for the loss of thousands of embryos and eggs at a fertility clinic outside of Clevelan‚Ä¶ https://t.co/ZK9Du3BR08,@CBSNews
280,-0.34,Wed Mar 28 11:33:36 +0000 2018,0.888,0.112,0.0,Michigan State University is moving to fire the ex-boss of former USA Gymnastics doctor Larry Nassar. Dr. William S‚Ä¶ https://t.co/0qsNGK3fXS,@CBSNews
281,0.0,Wed Mar 28 11:32:44 +0000 2018,1.0,0.0,0.0,"Here are three things you should know this morning:
1‚É£@POTUS suggests Pentagon fund wall
2‚É£Tech stocks tumble
3‚É£New‚Ä¶ https://t.co/cytP6a7Lnd",@CBSNews
282,0.0,Wed Mar 28 11:30:01 +0000 2018,1.0,0.0,0.0,New activity detected at North Korea nuclear site as President Trump prepares for a summit with Kim Jong Un in the‚Ä¶ https://t.co/YzvVwEpmb8,@CBSNews
283,-0.0258,Wed Mar 28 11:22:15 +0000 2018,0.759,0.122,0.118,Facebook announced what it calls a major overhaul to its privacy features. The changes make it easier to block apps‚Ä¶ https://t.co/wyj4tmRTOr,@CBSNews
284,0.2924,Wed Mar 28 11:21:11 +0000 2018,0.892,0.0,0.108,Prosecutors in Louisiana said Tuesday that two Baton Rouge police officers will not be prosecuted for shooting and‚Ä¶ https://t.co/8oqqK4tqYU,@CBSNews
285,-0.5719,Wed Mar 28 11:20:33 +0000 2018,0.829,0.171,0.0,Anger over the deadly police shooting of an unarmed black man in Sacramento is intensifying. Hundreds of protesters‚Ä¶ https://t.co/pRwSS7rkoG,@CBSNews
286,0.1027,Wed Mar 28 11:19:38 +0000 2018,0.931,0.0,0.069,The Trump administration says it reached a new trade deal with South Korea. The bilateral trade deal is Pres. Trump‚Ä¶ https://t.co/8HngfoRIrq,@CBSNews
287,0.0,Wed Mar 28 11:17:59 +0000 2018,1.0,0.0,0.0,The White House says it was not told about North Korean leader Kim Jong Un's secret visit to China until after it h‚Ä¶ https://t.co/Ozt74TXhyF,@CBSNews
288,0.0,Wed Mar 28 11:17:40 +0000 2018,1.0,0.0,0.0,"‚ÄúI think we would consider [a settlement], I would converse with my client. It would depend on the terms of a settl‚Ä¶ https://t.co/KPHaLCwD1W",@CBSNews
289,-0.3869,Wed Mar 28 11:15:20 +0000 2018,0.786,0.145,0.069,.@AnthonyMasonCBS: Michael Cohen's spokesperson called this a reckless use of the legal system and went on to say ‚Äò‚Ä¶ https://t.co/dNEsS0zLyY,@CBSNews
290,-0.296,Wed Mar 28 11:15:00 +0000 2018,0.855,0.145,0.0,"A woman accused of running a multimillion-dollar pot ""fortress"" sues the city of San Bernardino‚Ä¶ https://t.co/lAM1btcrup",@CBSNews
291,0.6369,Wed Mar 28 11:10:57 +0000 2018,0.735,0.0,0.265,"‚ÄúThe motion is not crazy... What we want is the truth. We want to know the truth about what the president knew, whe‚Ä¶ https://t.co/vsYr5Wcfc8",@CBSNews
292,0.0,Wed Mar 28 11:07:57 +0000 2018,1.0,0.0,0.0,"Stormy Daniels' attorney, Michael Avenatti, filed a motion asking a federal judge for permission to question Presid‚Ä¶ https://t.co/bRhHeX5Fni",@CBSNews
293,0.0,Wed Mar 28 11:06:03 +0000 2018,1.0,0.0,0.0,"Stormy Daniels is now trying to force Pres. Trump to answer questions under oath. Her attorney, Michael Avenatti, f‚Ä¶ https://t.co/Zoh4ru8K7v",@CBSNews
294,0.0772,Wed Mar 28 11:00:02 +0000 2018,0.949,0.0,0.051,"After six years of seclusion, North Korean leader Kim Jong Un seems to want to get out and see the world. Is he on‚Ä¶ https://t.co/GmCuemGL0J",@CBSNews
295,-0.34,Wed Mar 28 10:41:02 +0000 2018,0.882,0.118,0.0,Spring training came to a repulsive end at Dodger Stadium: a foul-smelling leak spilled sewage onto the field in th‚Ä¶ https://t.co/HRhRFi2xRh,@CBSNews
296,0.0,Wed Mar 28 10:30:01 +0000 2018,1.0,0.0,0.0,"Stormy Daniels' lawyer @MichaelAvenatti files motion in California federal court, seeking to depose President Trump‚Ä¶ https://t.co/6fuAhEsDub",@CBSNews
297,0.0,Wed Mar 28 10:26:15 +0000 2018,1.0,0.0,0.0,"RT @CBSThisMorning: THIS MORNING: 
üîú@MichaelAvenatti discusses motion to depose President Trump and his lawyer
üîú@rikkijklieman on latest mo‚Ä¶",@CBSNews
298,0.0,Wed Mar 28 10:20:01 +0000 2018,1.0,0.0,0.0,Stormy Daniels' attorney Michael Avenatti asked a federal judge this morning for permission to depose President Tru‚Ä¶ https://t.co/XSrL0ytdfY,@CBSNews
299,0.0,Wed Mar 28 10:15:14 +0000 2018,1.0,0.0,0.0,Ahead on @CBSThisMorning: @GayleKing sits down with jewelry designer @KendraScott to discuss how she turned $500 in‚Ä¶ https://t.co/wHQpFh0ZMZ,@CBSNews
300,0.296,Thu Mar 29 01:11:09 +0000 2018,0.885,0.0,0.115,.@CRTV host and Army veteran @GrahamAllen_1 said Wednesday that the rights and freedoms American citizens have are‚Ä¶ https://t.co/62KkdMYYkA,@FOXNews
301,0.0,Thu Mar 29 01:10:32 +0000 2018,1.0,0.0,0.0,"OPINION: If the Second Amendment falls, our entire Bill of Rights falls https://t.co/B8dGrk2ZYu",@FOXNews
302,-0.3612,Thu Mar 29 00:58:43 +0000 2018,0.759,0.131,0.11,".@jmpalmieri on Dem views: ""Congress is broken, it does not react to what the people want. The people want immigrat‚Ä¶ https://t.co/dVWmVHfYrY",@FOXNews
303,-0.6124,Thu Mar 29 00:54:24 +0000 2018,0.615,0.275,0.111,Mother of Hostage Killed By ISIS: 'There Was No One Whose Job It Was to Help Us' https://t.co/m6sQVkLIsD,@FOXNews
304,-0.0572,Thu Mar 29 00:48:29 +0000 2018,0.925,0.075,0.0,.@TuckerCarlson Debates CA Immigration Law: 'Is There Anything You Won't Make an Excuse For?' #Tucker https://t.co/KVqJZjZJiC,@FOXNews
305,0.0,Thu Mar 29 00:45:17 +0000 2018,1.0,0.0,0.0,".@lizpeek: Census 2020 ‚Äì Liberals, get over it, we must ask about citizenship! https://t.co/SLwgSHWJHB",@FOXNews
306,0.4404,Thu Mar 29 00:40:41 +0000 2018,0.838,0.0,0.162,".@dbongino on the Second Amendment: ""Liberalism is easy to understand, it's everywhere...To actually understand con‚Ä¶ https://t.co/2kGec95E96",@FOXNews
307,0.0,Thu Mar 29 00:38:00 +0000 2018,1.0,0.0,0.0,Kansas City Royals' Salvador Perez sprains knee ligament carrying luggage https://t.co/75uYNzgZRh,@FOXNews
308,0.0,Thu Mar 29 00:25:05 +0000 2018,1.0,0.0,0.0,"OPINION: If the Second Amendment falls, our entire Bill of Rights falls  https://t.co/CGvSxjwWJe",@FOXNews
309,-0.8271,Thu Mar 29 00:19:15 +0000 2018,0.628,0.372,0.0,Outrage grows over police killing of Stephon Clark in Sacramento: '20 shots over a cellphone' https://t.co/hEE53tqepb,@FOXNews
310,-0.7645,Thu Mar 29 00:12:59 +0000 2018,0.721,0.279,0.0,"Jonathan Turley on alleged FISA abuse: ""People have a really low expectation of their government now and that's a r‚Ä¶ https://t.co/IK1yLPukE3",@FOXNews
311,-0.8074,Thu Mar 29 00:09:20 +0000 2018,0.7,0.3,0.0,"Jonathan Turley on alleged FISA abuse: ""It's a dangerous combination to have a secret court that is based on a stan‚Ä¶ https://t.co/woHLq1mtrn",@FOXNews
312,-0.9186,Thu Mar 29 00:06:22 +0000 2018,0.538,0.462,0.0,"BREAKING: Six children feared dead after SUV plunged off cliff in California; 2 women killed, investigators say https://t.co/eFCbVVTPr0",@FOXNews
313,0.296,Wed Mar 28 23:57:54 +0000 2018,0.804,0.0,0.196,#Trump shares photos of border wall construction on Twitter https://t.co/mfphYgzp2Z,@FOXNews
314,0.0,Wed Mar 28 23:42:34 +0000 2018,1.0,0.0,0.0,"China reminded Kim Jong Un who's boss during mysterious Beijing meeting, experts say https://t.co/JCbEJzedWH",@FOXNews
315,-0.2023,Wed Mar 28 23:29:54 +0000 2018,0.87,0.13,0.0,.@gen_jackkeane: ‚Äú@POTUS‚Äô administration has confronted Russia more than his predecessors have.‚Äù #TheStory https://t.co/ZR9hTcXef3,@FOXNews
316,0.25,Wed Mar 28 23:25:22 +0000 2018,0.734,0.11,0.156,".@LibertyU shows off its new multimillion-dollar gun range. Liberty, which already allows students to have guns in‚Ä¶ https://t.co/FoSrzLgrgp",@FOXNews
317,-0.7184,Wed Mar 28 23:22:08 +0000 2018,0.647,0.353,0.0,Al Qaeda leader killed by drone strike in Libya identified by Pentagon https://t.co/LGrWmbwVP3,@FOXNews
318,-0.3612,Wed Mar 28 23:15:41 +0000 2018,0.848,0.152,0.0,".@CharlesHurt: ‚ÄúWithout a doubt, I don‚Äôt think anybody can question [Rear Adm. Ronny Jackson‚Äôs] qualifications, and‚Ä¶ https://t.co/eH1Ns3Shv7",@FOXNews
319,-0.25,Wed Mar 28 23:06:05 +0000 2018,0.857,0.143,0.0,"Charles Lane on @POTUS replacing Shulkin as VA secretary: ""It's a strange irony that these are the people that our‚Ä¶ https://t.co/oj2CIlxQZG",@FOXNews
320,0.0,Wed Mar 28 22:51:12 +0000 2018,1.0,0.0,0.0,".@ByronYork on replacing Shulkin as VA secretary: ""It simply didn't work out and [helping veterans] really was one‚Ä¶ https://t.co/gZfruPSh9N",@FOXNews
321,0.0,Wed Mar 28 22:44:16 +0000 2018,1.0,0.0,0.0,"Former Trump administration officials, from Comey to Shulkin https://t.co/qU3TvgVoW4 https://t.co/70SSvYShgs",@FOXNews
322,0.0,Wed Mar 28 22:34:10 +0000 2018,1.0,0.0,0.0,"On ""Your World"" with @TeamCavuto, Joe Piscopo discussed the #Roseanne reboot and the main character,‚Ä¶ https://t.co/x5TPpZ6kWh",@FOXNews
323,0.0,Wed Mar 28 22:26:08 +0000 2018,0.732,0.134,0.134,"NASDAQ closes lower as @amazon, @tesla shares fall. @DeirdreBolton has the story. #SpecialReport‚Ä¶ https://t.co/HUYxodz5ue",@FOXNews
324,0.0,Wed Mar 28 22:21:43 +0000 2018,1.0,0.0,0.0,"Documents suggest possible coordination between CIA, FBI, Obama WH and Dem officials early in Trump-Russia probe: i‚Ä¶ https://t.co/gwVHgDWYSe",@FOXNews
325,0.4019,Wed Mar 28 22:14:42 +0000 2018,0.803,0.0,0.197,.@DonaldJTrumpJr tweets his support for 'Roseanne' while skewering late night hosts https://t.co/nlwFyAYm46,@FOXNews
326,0.0,Wed Mar 28 22:10:07 +0000 2018,1.0,0.0,0.0,.@POTUS to replace David Shulkin with Adm. Ronny Jackson as Veterans Affairs secretary in latest White House shuffl‚Ä¶ https://t.co/SsyE24xZwa,@FOXNews
327,0.4466,Wed Mar 28 22:08:13 +0000 2018,0.853,0.0,0.147,WARRIORS HELPING WARRIORS: @paws4prplhearts is bringing veterans and dogs together to not only get the dogs trained‚Ä¶ https://t.co/ExsSRY1g4t,@FOXNews
328,0.0,Wed Mar 28 22:00:35 +0000 2018,1.0,0.0,0.0,Who is David Shulkin? 3 things to know about Trump's former secretary of Veterans Affairs https://t.co/a2A06xE4Xf,@FOXNews
329,0.0,Wed Mar 28 21:56:32 +0000 2018,1.0,0.0,0.0,.@kimguilfoyle: ‚ÄúI think this is an example of @POTUS‚Ä¶winning.‚Äù #TheFive https://t.co/UkisT39CJh,@FOXNews
330,0.0,Wed Mar 28 21:48:40 +0000 2018,1.0,0.0,0.0,.@greggutfeld: 'Roseanne' Reboot Replaced 'Demonization with Dialogue' https://t.co/IZiHF0NsFI,@FOXNews
331,0.0,Wed Mar 28 21:41:27 +0000 2018,1.0,0.0,0.0,BREAKING: #Trump to replace David Shulkin with Adm. Ronny Jackson as Veterans Affairs secretary‚Ä¶ https://t.co/Zpv9UbPnB1,@FOXNews
332,0.4939,Wed Mar 28 21:27:07 +0000 2018,0.738,0.0,0.262,"Surgeons amazed after removing over 2,000 gallstones from woman https://t.co/YEuOWzC7N5",@FOXNews
333,0.0,Wed Mar 28 21:12:19 +0000 2018,1.0,0.0,0.0,Judge rules suit against #Trump over foreign gifts can move forward https://t.co/kqi3Awd4i7,@FOXNews
334,-0.0516,Wed Mar 28 21:03:39 +0000 2018,0.777,0.117,0.107,Combat Vet on Calls for 2nd Amendment Repeal: 'Our Rights and Freedoms Are Not Up for Debate' https://t.co/MwTbOAnoVt,@FOXNews
335,-0.0516,Wed Mar 28 20:56:39 +0000 2018,0.902,0.098,0.0,Arizona police department mounts AR-15 rifles on backs of some motorcycles https://t.co/a2fWHRGqio,@FOXNews
336,-0.6124,Wed Mar 28 20:53:33 +0000 2018,0.714,0.286,0.0,"Orange County, CA Supervisor Called a 'Racist B----' Amid Sanctuary Controversy https://t.co/DuYJZxGpQR",@FOXNews
337,0.3182,Wed Mar 28 20:44:41 +0000 2018,0.867,0.0,0.133,.@POTUS secures trade deal with South Korea ahead of potential meeting with North Korea. @TeamCavuto https://t.co/vnBI3EkS6F,@FOXNews
338,0.0,Wed Mar 28 20:35:08 +0000 2018,1.0,0.0,0.0,TUNE IN to the latest #HemmerTime podcast with @BillHemmer and @CardinalDolan on the sanctity of silence.‚Ä¶ https://t.co/UiBHKAFFli,@FOXNews
339,0.0,Wed Mar 28 20:25:04 +0000 2018,0.614,0.193,0.193,".@WhiteHouse: No pardons under consideration for Manafort, Flynn https://t.co/qJj0aB6rST",@FOXNews
340,-0.7096,Wed Mar 28 20:19:22 +0000 2018,0.67,0.33,0.0,"'ACLU effect' is to blame for Chicago's sharp rise in crime, study says https://t.co/MFbLymBU9l",@FOXNews
341,-0.6486,Wed Mar 28 20:14:45 +0000 2018,0.719,0.281,0.0,"Driver leaves 1 dead, others in life-threatening condition in San Francisco hit-and-run https://t.co/OJtSdht8Ut",@FOXNews
342,-0.7269,Wed Mar 28 20:14:44 +0000 2018,0.663,0.337,0.0,Donations Pour in for Rifle Team After School District Rejects NRA's 'Dirty Money' https://t.co/mVV8pTl1BA,@FOXNews
343,-0.4215,Wed Mar 28 20:08:00 +0000 2018,0.872,0.128,0.0,"Florida woman fails to put car into park, car rolls into pool with husband and child inside, cops say https://t.co/jXKlozKkTP",@FOXNews
344,-0.7184,Wed Mar 28 20:00:03 +0000 2018,0.647,0.353,0.0,Al Qaeda leader killed by drone strike in Libya identified by Pentagon https://t.co/PNQIv22Spy,@FOXNews
345,0.0,Wed Mar 28 19:50:00 +0000 2018,1.0,0.0,0.0,https://t.co/Sd20aLiHZ9,@FOXNews
346,-0.34,Wed Mar 28 19:41:41 +0000 2018,0.789,0.211,0.0,Largest Christian university opens 'sophisticated' gun range for students https://t.co/vJShCwR0dP,@FOXNews
347,-0.5574,Wed Mar 28 19:27:55 +0000 2018,0.769,0.231,0.0,"DOJ Inspector General investigates alleged FISA abuses by DOJ, FBI - via @brookefoxnews

https://t.co/I6X1UxpkK7",@FOXNews
348,0.0,Wed Mar 28 19:18:38 +0000 2018,1.0,0.0,0.0,Driver hits 5 people in San Francisco; 4 in life-threatening condition https://t.co/r8LQDk8aYm,@FOXNews
349,-0.7269,Wed Mar 28 19:13:59 +0000 2018,0.663,0.337,0.0,Donations Pour in for Rifle Team After School District Rejects NRA's 'Dirty Money' https://t.co/rf9gi0WpSh,@FOXNews
350,0.0,Wed Mar 28 19:08:48 +0000 2018,1.0,0.0,0.0,"Menendez kicks off re-election bid, slams Trump on immigration https://t.co/rfEeEigw7V",@FOXNews
351,-0.6249,Wed Mar 28 19:04:23 +0000 2018,0.83,0.17,0.0,"Scott Gottlieb on opioid crisis: ""If you go back 15 years ago, we didn't recognize how addictive these products cou‚Ä¶ https://t.co/VUoz7OWouJ",@FOXNews
352,0.0,Wed Mar 28 18:58:55 +0000 2018,1.0,0.0,0.0,.@marcthiessen: @realDonaldTrump Must Look Kim 'In the Eye' and Show He's Different From His Predecessors https://t.co/4AGOzpqn6A,@FOXNews
353,0.0,Wed Mar 28 18:57:49 +0000 2018,1.0,0.0,0.0,"Adm. Robert Natter on denuclearizing NoKo: ""The reality is that both sides have to sit down and we need to get clea‚Ä¶ https://t.co/3Yy4WJPqly",@FOXNews
354,0.3612,Wed Mar 28 18:55:02 +0000 2018,0.857,0.0,0.143,"Adm. Robert Natter on denuclearizing NoKo: ""We've got long-standing relationships with nations like Japan...we have‚Ä¶ https://t.co/4Q5FMGcRq8",@FOXNews
355,0.0,Wed Mar 28 18:50:58 +0000 2018,1.0,0.0,0.0,".@jmpalmieri on 2016 election: ""We ran [@HillaryClinton] as the female facsimile of the qualities we look for in a‚Ä¶ https://t.co/XY0nSpFZeR",@FOXNews
356,0.0,Wed Mar 28 18:42:18 +0000 2018,1.0,0.0,0.0,.@PressSec on the 2020 census citizenship question: ‚ÄúThe goal is to have data that we can use for specific things.‚Äù https://t.co/bETu1MlNOF,@FOXNews
357,0.5994,Wed Mar 28 18:38:47 +0000 2018,0.795,0.0,0.205,".@PressSec on North Korea: ‚ÄúWe‚Äôre going to be cautiously optimistic, but we feel like things are moving in the righ‚Ä¶ https://t.co/VGEmz7BLOg",@FOXNews
358,0.3818,Wed Mar 28 18:34:14 +0000 2018,0.833,0.0,0.167,.@PressSec: ‚ÄúCertainly we want to make sure that all law enforcement is carrying out the letter of the law.‚Äù https://t.co/Xfz1l0JFxB,@FOXNews
359,0.5719,Wed Mar 28 18:21:23 +0000 2018,0.821,0.0,0.179,".@PressSec: ‚ÄúFollowing on the success of tax reform, infrastructure is the next piece of the president‚Äôs successful‚Ä¶ https://t.co/MsC6NjCAnT",@FOXNews
360,-0.4404,Wed Mar 28 18:18:24 +0000 2018,0.588,0.282,0.129,".@PressSec: ‚ÄúAccording to market watch, hiring is strong, unemployment is low, and recent tax cuts are putting more‚Ä¶ https://t.co/mAUmwgxFNW",@FOXNews
361,0.0,Wed Mar 28 18:11:49 +0000 2018,1.0,0.0,0.0,WATCH: @PressSec Sarah Sanders holds @WhiteHouse briefing. https://t.co/gIkWDO6mtg,@FOXNews
362,0.0,Wed Mar 28 17:57:33 +0000 2018,1.0,0.0,0.0,Cherry Tree buds are silhouetted against the morning sky near the Washington Monument. https://t.co/7DSTvTAwI7,@FOXNews
363,0.1779,Wed Mar 28 17:45:30 +0000 2018,0.855,0.0,0.145,Amazon discovery: 'Uninhabited' areas were once home to a million people https://t.co/eJuHVIgsmm,@FOXNews
364,0.0,Wed Mar 28 17:35:20 +0000 2018,1.0,0.0,0.0,Awaiting @WhiteHouse briefing https://t.co/21PSZF6K58,@FOXNews
365,-0.3818,Wed Mar 28 17:29:13 +0000 2018,0.822,0.178,0.0,'Your State Is a Sanctuary Disaster': Ingraham Battles CA Dem Over Census Backlash https://t.co/OHFDYobx1S,@FOXNews
366,-0.34,Wed Mar 28 17:13:33 +0000 2018,0.844,0.156,0.0,"Warning, graphic content: Utah trooper knocked into the air by out-of-control car https://t.co/2qaytnyQtr https://t.co/EPu1yo3TJH",@FOXNews
367,0.0,Wed Mar 28 17:05:15 +0000 2018,1.0,0.0,0.0,"OPINION: Liz Peek: Census 2020 ‚Äì Liberals, get over it, we must ask about citizenship! https://t.co/nxlRNKOkm7",@FOXNews
368,-0.34,Wed Mar 28 16:53:32 +0000 2018,0.833,0.167,0.0,Where does Trump stand on gun control? A look at the president's views https://t.co/uLRWPrmMM6,@FOXNews
369,0.0,Wed Mar 28 16:40:00 +0000 2018,1.0,0.0,0.0,'Deadly' scorpion sighting on English street turns out to be child's toy (via @travfed) https://t.co/CUS1soWaVV,@FOXNews
370,0.2023,Wed Mar 28 16:39:13 +0000 2018,0.904,0.0,0.096,.@adrienneelrod on @POTUS: ‚ÄúI think it's important that there is dialogue here...He cannot conduct diplomacy via Tw‚Ä¶ https://t.co/XtPWeTkqxD,@FOXNews
371,0.0772,Wed Mar 28 16:31:19 +0000 2018,0.925,0.0,0.075,.@TomiLahren: You‚Äôd be surprised...just how many conservatives and Americans live in California that want the laws‚Ä¶ https://t.co/8Z1o9pxhnQ,@FOXNews
372,0.0,Wed Mar 28 16:25:24 +0000 2018,1.0,0.0,0.0,RT @FoxBusiness: 4 tips on protecting your online footprint https://t.co/49DQiUufxF,@FOXNews
373,0.0772,Wed Mar 28 16:19:00 +0000 2018,0.909,0.0,0.091,We want Zuckerberg: UK lawmakers urge embattled Facebook CEO to appear before them https://t.co/zbaLR1L8qr,@FOXNews
374,0.0,Wed Mar 28 16:16:32 +0000 2018,1.0,0.0,0.0,'Roseanne's' pro-Trump reboot draws massive audience for politically-charged premiere https://t.co/U8bTJOXK7W,@FOXNews
375,-0.3182,Wed Mar 28 16:15:03 +0000 2018,0.769,0.142,0.089,".@KatiePavlich: ‚ÄúWhen you commit a crime as a U.S. citizen, you don‚Äôt get to decide when you get to evade law enfor‚Ä¶ https://t.co/IaLWHqcZNo",@FOXNews
376,-0.5994,Wed Mar 28 16:10:54 +0000 2018,0.692,0.308,0.0,".@SouthwestAir ignored boy's peanut allergy on flight, causing severe reaction, family claims https://t.co/849xkndjLT",@FOXNews
377,-0.5574,Wed Mar 28 16:02:56 +0000 2018,0.795,0.205,0.0,"'We Must Follow the Law': CA County Publishes Release Times of Inmates, Illegal Immigrants https://t.co/OEqOUmd1zc",@FOXNews
378,-0.4404,Wed Mar 28 15:58:48 +0000 2018,0.791,0.209,0.0,"Facebook data scandal prompts redesign of settings, privacy pages https://t.co/sJ2cWVYU0W (via @christocarbone)",@FOXNews
379,0.0,Wed Mar 28 15:57:44 +0000 2018,1.0,0.0,0.0,RT @FoxBusiness: Ford says Trump tariffs a financial headwind and will be passed on to consumer https://t.co/lFLIZvyTWm,@FOXNews
380,-0.4995,Wed Mar 28 15:57:26 +0000 2018,0.548,0.294,0.158,RT @FoxBusiness: US 4Q GDP growth revised up to 2.9% https://t.co/RPZLZqvjDO,@FOXNews
381,0.0,Wed Mar 28 15:57:21 +0000 2018,1.0,0.0,0.0,"Mueller: Rick Gates communicated with person connected to Russian intel service in 2016  - via @brookefoxnews 
https://t.co/802WjBIlWi",@FOXNews
382,-0.5719,Wed Mar 28 15:44:38 +0000 2018,0.683,0.242,0.075,JUST IN: 'Violent deportee' ID'd after escaping ICE custody at JFK airport https://t.co/J23G3k9hqM,@FOXNews
383,0.0,Wed Mar 28 15:41:03 +0000 2018,1.0,0.0,0.0,North Korea begins testing experimental reactor at nuclear site despite 'denuclearization' talk https://t.co/4LtzppPA0D,@FOXNews
384,-0.3612,Wed Mar 28 15:37:55 +0000 2018,0.872,0.128,0.0,"JUST IN: Another suspicious package found in a government mail facility in Washington, D.C. on Wednesday is believe‚Ä¶ https://t.co/T1Nh1ixhaV",@FOXNews
385,0.0,Wed Mar 28 15:26:38 +0000 2018,1.0,0.0,0.0,Attorney for Stormy Daniels files motion seeking to depose Trump https://t.co/XjCXuRSwUt,@FOXNews
386,-0.1531,Wed Mar 28 15:06:15 +0000 2018,0.89,0.11,0.0,.@therealroseanne recalls confronting John Goodman about his drinking and working with George Clooney https://t.co/WOZfM4n9f7,@FOXNews
387,-0.6486,Wed Mar 28 15:00:55 +0000 2018,0.65,0.35,0.0,K-Pop Singer Seo Minwoo found dead at 33 https://t.co/cccjWOq7xL,@FOXNews
388,0.6605,Wed Mar 28 14:50:02 +0000 2018,0.778,0.0,0.222,"Dave Harrington, Aliso Viejo mayor: ‚ÄúI kind of wish the attorney general of California took as much interest in the‚Ä¶ https://t.co/rbf55Sh2Dc",@FOXNews
389,0.5267,Wed Mar 28 14:50:00 +0000 2018,0.761,0.0,0.239,'Rogue waves' prompt dramatic rescue after fishing boat with 8 aboard sinks in Hawaii (via @travfed)  https://t.co/vAOKVC5EVP,@FOXNews
390,-0.5859,Wed Mar 28 14:35:49 +0000 2018,0.769,0.231,0.0,Corey Feldman says he was stabbed in attempted murder but police are telling a different story (via @Sashafb) https://t.co/0yJbvYufIr,@FOXNews
391,-0.3182,Wed Mar 28 14:33:53 +0000 2018,0.867,0.133,0.0,San Antonio Spurs head coach Gregg Popovich sounds off on Second Amendment after loss https://t.co/xA8S8UuKls https://t.co/CTNPwtPcSX,@FOXNews
392,0.0,Wed Mar 28 14:19:38 +0000 2018,1.0,0.0,0.0,U.S. economy grows at 2.9% rate in Q4 https://t.co/LiuAtAUa8O,@FOXNews
393,-0.296,Wed Mar 28 14:08:22 +0000 2018,0.896,0.104,0.0,.@marcthiessen: ‚ÄúKim Jong Un has no intention of denuclearizing at the negotiating table. It‚Äôs just not going to ha‚Ä¶ https://t.co/jWnUgMKLcK,@FOXNews
394,-0.8834,Wed Mar 28 13:59:43 +0000 2018,0.338,0.506,0.156,Aunt of Cop Killed by Illegal Immigrant Applauds Death Sentence: 'He's a Monster' https://t.co/0GCTeUlv1G,@FOXNews
395,-0.34,Wed Mar 28 13:56:55 +0000 2018,0.789,0.211,0.0,Largest Christian university opens 'sophisticated' gun range for students https://t.co/2fTPPmS4or,@FOXNews
396,0.0,Wed Mar 28 13:49:15 +0000 2018,1.0,0.0,0.0,"Sportswear company debuts yoga pants with pockets for guns, knives https://t.co/Bd69rSrwxM",@FOXNews
397,0.4939,Wed Mar 28 13:28:53 +0000 2018,0.775,0.0,0.225,Ex-Disney Channel star Caroline Sunshine joins Trump's White House press team https://t.co/5MY4QUThYj,@FOXNews
398,0.0,Wed Mar 28 13:17:10 +0000 2018,1.0,0.0,0.0,"OPINION: If the Second Amendment falls, our entire Bill of Rights falls https://t.co/vT4cRZ611P",@FOXNews
399,-0.3182,Wed Mar 28 13:03:17 +0000 2018,0.867,0.133,0.0,San Antonio @Spurs head coach Gregg Popovich sounds off on Second Amendment after loss (@RyanGaydos) https://t.co/xA8S8UuKls,@FOXNews
400,0.0,Thu Mar 29 01:04:02 +0000 2018,1.0,0.0,0.0,"Morning Briefing, Asia Edition: What you need to know to start your day. https://t.co/tsmj3JiVs6",@nytimesworld
401,-0.8126,Thu Mar 29 00:45:04 +0000 2018,0.656,0.344,0.0,"A South African woman was sentenced to prison for hurling racist slurs at police officers, as the government consid‚Ä¶ https://t.co/ZB5KSycLz2",@nytimesworld
402,0.6908,Thu Mar 29 00:34:02 +0000 2018,0.749,0.0,0.251,"Thousands marched in Paris to honor the memory of Mireille Knoll, an 85-year-old Holocaust survivor who was murdere‚Ä¶ https://t.co/YRSLh94OCG",@nytimesworld
403,-0.8834,Thu Mar 29 00:25:02 +0000 2018,0.623,0.377,0.0,"In a first, a South African woman was sent to prison for racist speech -- specifically, a slur that is offensive in‚Ä¶ https://t.co/EDbkvTnSn4",@nytimesworld
404,-0.5267,Wed Mar 28 23:55:04 +0000 2018,0.794,0.206,0.0,"Arctic foxes are endangered in Sweden, Norway and Finland, scattered in isolated populations that can fall victim t‚Ä¶ https://t.co/JwbsR3KZka",@nytimesworld
405,0.3612,Wed Mar 28 23:00:19 +0000 2018,0.623,0.148,0.23,"‚ÄúShe survived the Holocaust last century, I think she had a happy life, and yet she was killed at home in 2018, fra‚Ä¶ https://t.co/seR4VWitxS",@nytimesworld
406,0.5423,Wed Mar 28 22:30:11 +0000 2018,0.681,0.085,0.234,"In Ghana, demonstrators gathered to protest an agreement that would expand the U.S. military presence there in a re‚Ä¶ https://t.co/H1y6iBZrw9",@nytimesworld
407,0.0,Wed Mar 28 22:20:05 +0000 2018,1.0,0.0,0.0,"Water squirted from toy rubber ducks contains bacteria often associated with infections acquired in hospitals, a st‚Ä¶ https://t.co/3q0Eom7Q4H",@nytimesworld
408,-0.8658,Wed Mar 28 22:07:04 +0000 2018,0.64,0.36,0.0,Russia is in mourning after a deadly fire at a shopping mall. ‚ÄúGreat grief is upon all of us and there are no words‚Ä¶ https://t.co/enGPkTo9Gv,@nytimesworld
409,-0.9148,Wed Mar 28 22:06:03 +0000 2018,0.576,0.424,0.0,The release of one of Britain‚Äôs most notorious criminals ‚Äî a former London cabdriver who drugged and raped female p‚Ä¶ https://t.co/w0lCRF1Vpz,@nytimesworld
410,0.0,Wed Mar 28 22:02:05 +0000 2018,1.0,0.0,0.0,"Morning Briefing, Asia/Australia Edition: What you need to know to start your day. https://t.co/XbIFh9iuNC",@nytimesworld
411,0.0,Wed Mar 28 21:48:05 +0000 2018,1.0,0.0,0.0,Ethiopia to get its first prime minister from an ethnic group that makes up a third of its population https://t.co/SaFvrghAGT,@nytimesworld
412,-0.5859,Wed Mar 28 21:20:03 +0000 2018,0.808,0.192,0.0,"Viktor Orban's assault on the hardware of Hungary‚Äôs democracy has been well-documented. Less conspicuously, Mr. Orb‚Ä¶ https://t.co/GJz8WufHrS",@nytimesworld
413,-0.4215,Wed Mar 28 20:54:03 +0000 2018,0.843,0.157,0.0,"There‚Äôs something yucky inside rubber ducks, scientists say: ‚Äúpotentially pathogenic bacteria‚Äù that can cause eye,‚Ä¶ https://t.co/Xr4UA8WC5Y",@nytimesworld
414,0.5719,Wed Mar 28 20:21:07 +0000 2018,0.829,0.0,0.171,"""Leaders,"" an Indian children's book, spotlights 11 people ""who will inspire you."" On the list: Barack Obama, Nelso‚Ä¶ https://t.co/FDCmHHP2VX",@nytimesworld
415,-0.6597,Wed Mar 28 20:12:04 +0000 2018,0.812,0.188,0.0,"Mireille Knoll, 85, was murdered last week in her Paris apartment. Family and neighbors describe her as a woman of‚Ä¶ https://t.co/WiTk3Kj8W3",@nytimesworld
416,0.25,Wed Mar 28 19:59:03 +0000 2018,0.798,0.08,0.122,Hope that Ethiopia's new prime minister will unify a divided country that has been rocked by protests and is in a s‚Ä¶ https://t.co/tzT4FUGZjp,@nytimesworld
417,0.0,Wed Mar 28 19:54:02 +0000 2018,1.0,0.0,0.0,"An Australian court will soon decide whether Cardinal George Pell, the Vatican‚Äôs de facto finance chief, faces tria‚Ä¶ https://t.co/KuGbUgN4ZM",@nytimesworld
418,-0.1531,Wed Mar 28 19:51:05 +0000 2018,0.825,0.103,0.072,"A deal that expands the U.S. military presence in Ghana has struck a nerve, sending protestors into the streets https://t.co/F3E1rhjG7f",@nytimesworld
419,-0.8481,Wed Mar 28 19:24:03 +0000 2018,0.638,0.362,0.0,Russia was in an official state of mourning on Wednesday as funerals began for the 64 victims of a fire at a shoppi‚Ä¶ https://t.co/hDkZ71ua58,@nytimesworld
420,-0.5106,Wed Mar 28 19:15:04 +0000 2018,0.752,0.248,0.0,"There is something ugly inside your rubber ducky, scientists say https://t.co/Ojk0YoTFaT",@nytimesworld
421,-0.4588,Wed Mar 28 19:11:03 +0000 2018,0.772,0.151,0.077,Kim Jong-un‚Äôs surprise trip to China was a reminder of how much he has set the agenda in the crisis over his nation‚Ä¶ https://t.co/u1LNfxrhBH,@nytimesworld
422,0.0,Wed Mar 28 19:07:05 +0000 2018,1.0,0.0,0.0,"Your Morning Briefing, Australia edition: What you need to know to start your day. https://t.co/4lgCe1WPYj",@nytimesworld
423,-0.25,Wed Mar 28 17:52:06 +0000 2018,0.739,0.152,0.109,"The British government has promised to change secrecy rules on prisoner parole ""as soon as possible,"" after a court‚Ä¶ https://t.co/BCnc4aEqMh",@nytimesworld
424,0.0,Wed Mar 28 17:46:02 +0000 2018,1.0,0.0,0.0,"‚ÄúBy the time the pirate ships arrived on the Vardar River, we were used to crazy.‚Äù Skopje, Macedonia, capital of ki‚Ä¶ https://t.co/DnYKF2uw3s",@nytimesworld
425,0.3182,Wed Mar 28 17:17:03 +0000 2018,0.757,0.096,0.147,"After an Indian children's book that lists Hitler as a leader ""who will inspire you"" came under fire this month, th‚Ä¶ https://t.co/ygSaprYnbO",@nytimesworld
426,-0.8591,Wed Mar 28 17:14:05 +0000 2018,0.447,0.423,0.131,France honored the gendarme killed after voluntarily taking the place of a hostage during a terrorist attack. ‚ÄúOthe‚Ä¶ https://t.co/EXUimFNaKv,@nytimesworld
427,-0.128,Wed Mar 28 16:54:03 +0000 2018,0.807,0.108,0.085,The British authorities have made a new arrest in an audacious $20 million burglary carried out by a gang of grayin‚Ä¶ https://t.co/RJNWaA8Wx5,@nytimesworld
428,-0.6597,Wed Mar 28 16:46:07 +0000 2018,0.769,0.231,0.0,"In Moscow, a vigil after a deadly fire at a shopping mall took on an overtly political tone, with an incensed crowd‚Ä¶ https://t.co/7EMEwaSAs3",@nytimesworld
429,0.4215,Wed Mar 28 16:22:04 +0000 2018,0.887,0.0,0.113,‚ÄúChina is saying to the United States and the rest of the world: Anyone who wants a deal on anything on the future‚Ä¶ https://t.co/b4VUpPWeFG,@nytimesworld
430,0.5719,Wed Mar 28 16:03:04 +0000 2018,0.837,0.0,0.163,"An Indian children's book that lists Hitler as a leader ""who will inspire you"" has been removed from the publisher'‚Ä¶ https://t.co/ouLEB1Hojs",@nytimesworld
431,0.0,Wed Mar 28 15:59:07 +0000 2018,1.0,0.0,0.0,It only took three outside males to dramatically reduce inbreeding in a population of arctic foxes in Sweden https://t.co/eXu4ihq8yu,@nytimesworld
432,-0.6705,Wed Mar 28 15:51:01 +0000 2018,0.741,0.202,0.058,Britain‚Äôs High Court has ordered the parole board that cleared a serial rapist for release to consider the case aga‚Ä¶ https://t.co/yciVomBQW9,@nytimesworld
433,0.6249,Wed Mar 28 15:35:08 +0000 2018,0.814,0.0,0.186,Which makes sense? a) Pirate ships in a landlocked country; b) a 47-foot-high statue of Alexander the Great; c) a h‚Ä¶ https://t.co/kthZFrqU6J,@nytimesworld
434,0.0,Wed Mar 28 15:08:05 +0000 2018,1.0,0.0,0.0,Kim Jong-un in China: ‚ÄúHe came to Beijing not as a supplicant but as an equal‚Äù https://t.co/YeVe0Z8OtM,@nytimesworld
435,-0.0258,Wed Mar 28 14:41:02 +0000 2018,0.763,0.12,0.116,"RT @LizziePaton: Three years ago catwalk shows were effectively banned in #SaudiArabia. In two weeks time (and after an unexpected delay),‚Ä¶",@nytimesworld
436,-0.5859,Wed Mar 28 14:25:05 +0000 2018,0.817,0.183,0.0,"RT @PatrickKingsley: Last month I wrote about #Orban's assault on the hardware of #Hungary's democracy ‚Äî its constitution, electoral system‚Ä¶",@nytimesworld
437,0.0,Wed Mar 28 14:10:07 +0000 2018,1.0,0.0,0.0,An unannounced North Korean visit to Beijing adds another layer of complexity to the rush of diplomacy around the N‚Ä¶ https://t.co/rUrb3N0Dpk,@nytimesworld
438,0.3182,Wed Mar 28 14:09:03 +0000 2018,0.757,0.096,0.147,"An Indian children's book that lists Hitler as a leader ""who will inspire you"" came under fire this month. It's now‚Ä¶ https://t.co/xpLgn6DLcm",@nytimesworld
439,-0.6908,Wed Mar 28 14:07:03 +0000 2018,0.759,0.241,0.0,The British authorities have made a new arrest in a brazen 2015 robbery in which graying thieves stole over $20 mil‚Ä¶ https://t.co/Kidfp0BD3C,@nytimesworld
440,0.2263,Wed Mar 28 13:55:03 +0000 2018,0.917,0.0,0.083,"Myanmar chooses a new president, but he may be little more than a ‚Äúhuman pen‚Äù to carry out the wishes of civilian l‚Ä¶ https://t.co/8drkF0ExVZ",@nytimesworld
441,0.0972,Wed Mar 28 13:49:04 +0000 2018,0.685,0.134,0.181,"‚ÄúTo accept to die so the innocent can live, that is the essence of what it means to be a soldier‚Äù: President Emmanu‚Ä¶ https://t.co/oTd3nQkjvT",@nytimesworld
442,0.0,Wed Mar 28 13:48:02 +0000 2018,1.0,0.0,0.0,China‚Äôs state media showed Kim Jong-un taking notes as Xi Jinping spoke. North Korea‚Äôs showed Mr. Xi appearing to o‚Ä¶ https://t.co/kCpvBjXgOB,@nytimesworld
443,-0.7096,Wed Mar 28 13:40:08 +0000 2018,0.628,0.31,0.063,A waiter in Vancouver has filed a complaint after he was fired for being aggressive and combative. His defense? He‚Äô‚Ä¶ https://t.co/ZPN4ZlIggW,@nytimesworld
444,-0.296,Wed Mar 28 13:40:07 +0000 2018,0.746,0.154,0.101,"Egypt‚Äôs presidential election is shaping up to be a low-watt and joyless affair, the antithesis of the youthful pas‚Ä¶ https://t.co/t4Syo7I5N4",@nytimesworld
445,-0.3182,Wed Mar 28 13:25:02 +0000 2018,0.897,0.103,0.0,"‚ÄúWe have lost so many,‚Äù President Vladimir Putin of Russia said in the Siberian city of Kemerovo on Tuesday. ‚ÄúWhy?‚Ä¶ https://t.co/dcp2fIUDHv",@nytimesworld
446,-0.3384,Wed Mar 28 13:10:03 +0000 2018,0.603,0.223,0.174,"The most haunting mystery in the history of the United Nations, the death of Dag Hammarskjold, may yet be solved https://t.co/CgiP12oGpt",@nytimesworld
447,0.5719,Wed Mar 28 13:08:04 +0000 2018,0.829,0.0,0.171,"The Israeli government is celebrating Air India's new direct service to Israel, over Saudi Arabia. El Al, Israel's‚Ä¶ https://t.co/1aeDmrNM7Z",@nytimesworld
448,0.0,Wed Mar 28 12:55:02 +0000 2018,1.0,0.0,0.0,‚ÄúGermany is the only country in Europe where doctors are not allowed to provide information about abortions.‚Äù One g‚Ä¶ https://t.co/7elHnpGEr0,@nytimesworld
449,0.0,Wed Mar 28 12:40:12 +0000 2018,1.0,0.0,0.0,"RT @IKershner: Air India gets to take a geopolitical shortcut over Saudi Arabia, while Israel's national airline still has to take the long‚Ä¶",@nytimesworld
450,0.4215,Wed Mar 28 12:25:04 +0000 2018,0.882,0.0,0.118,"RT @stevenleemyers: North Korea's leader said he was open to dialogue with the United States, even a possible summit with Donald Trump. On‚Ä¶",@nytimesworld
451,0.0,Wed Mar 28 12:10:04 +0000 2018,1.0,0.0,0.0,Plane tickets and five-star hotel rooms had been booked. A four-day schedule had been confirmed for weeks. Then thr‚Ä¶ https://t.co/F1wroIytti,@nytimesworld
452,0.0,Wed Mar 28 11:55:07 +0000 2018,1.0,0.0,0.0,"In an 8th grade history textbook, Hungarian students are told that Prime Minister Viktor Orban thinks refugees are‚Ä¶ https://t.co/NcazX5jAxb",@nytimesworld
453,0.0,Wed Mar 28 11:45:04 +0000 2018,1.0,0.0,0.0,"A combination of weather phenomena whipped up and swept Saharan dust north, bringing a sepia tint to parts of easte‚Ä¶ https://t.co/BneizeCiii",@nytimesworld
454,0.8481,Wed Mar 28 11:35:12 +0000 2018,0.625,0.0,0.375,Xi Jinping got a chance to play global peacemaker. Kim Jong-un got the opportunity to show he belonged on a world s‚Ä¶ https://t.co/MNRl9jBO1z,@nytimesworld
455,0.3612,Wed Mar 28 11:25:06 +0000 2018,0.889,0.0,0.111,Some Egyptians were promised boxes of food to vote in the presidential election. Others were paid from $3 to $9. https://t.co/VAtBhUX55J,@nytimesworld
456,-0.6555,Wed Mar 28 11:10:03 +0000 2018,0.715,0.285,0.0,Catalan separatists argue Spain cannot give them a fair trial. That accusation is dismissed in Madrid as yet anothe‚Ä¶ https://t.co/agDKVKTDpQ,@nytimesworld
457,0.0,Wed Mar 28 10:55:04 +0000 2018,1.0,0.0,0.0,RT @PekingMike: Behind the Rise of China‚Äôs HNA: The Chairman‚Äôs Brother  - by @DavidBarboza2 and me. Our latest in the HNA saga.  https://t.‚Ä¶,@nytimesworld
458,0.0,Wed Mar 28 10:40:03 +0000 2018,1.0,0.0,0.0,North Korean leader Kim Jong-un's secret visit to Beijing unfolded in extraordinary secrecy: It was confirmed only‚Ä¶ https://t.co/sQ1Y6zJhRr,@nytimesworld
459,0.0,Wed Mar 28 10:25:04 +0000 2018,1.0,0.0,0.0,A German gynecologist who provided patients information about abortion has stoked a debate over the Nazi-era law th‚Ä¶ https://t.co/gidJVN5DmB,@nytimesworld
460,0.0,Wed Mar 28 10:14:00 +0000 2018,1.0,0.0,0.0,"Half a century ago, the Asian arowana was a common food fish. Now, it's aquatic royalty. https://t.co/fIICaUCqK4",@nytimesworld
461,0.2732,Wed Mar 28 10:05:38 +0000 2018,0.913,0.0,0.087,"RT @LizziePaton: Is fast fashion going out of, well, fashion? H&amp;M, the world‚Äôs second largest retailer by sales, is currently sitting on a‚Ä¶",@nytimesworld
462,0.0,Wed Mar 28 09:55:05 +0000 2018,1.0,0.0,0.0,The message from a whistle-blower who testified in Britain's Parliament about data-mining: If you aren‚Äôt already wo‚Ä¶ https://t.co/2C9qKRGBgY,@nytimesworld
463,0.7783,Wed Mar 28 09:40:06 +0000 2018,0.603,0.078,0.319,"Myanmar's incoming president, U Win Myint, is a party loyalist chosen by Daw Aung San Suu Kyi. ‚ÄúHe will make no sig‚Ä¶ https://t.co/zYdyAmOwjX",@nytimesworld
464,-0.128,Wed Mar 28 09:24:02 +0000 2018,0.933,0.067,0.0,"Air India got permission to fly over Saudi Arabia, cutting two hours off its direct flights to Israel. El Al, Israe‚Ä¶ https://t.co/uqMUiNWD7j",@nytimesworld
465,0.25,Wed Mar 28 09:10:03 +0000 2018,0.714,0.121,0.165,A Catholic bishop was taken into custody in China after reportedly refusing to celebrate Easter mass with a governm‚Ä¶ https://t.co/yEWyMmbN6M,@nytimesworld
466,0.1779,Wed Mar 28 08:55:06 +0000 2018,0.769,0.1,0.131,"With no real opponent in his re-election bid, President Sisi is relying on voter enthusiasm to generate a credible‚Ä¶ https://t.co/5MBNVYwnWL",@nytimesworld
467,-0.34,Wed Mar 28 08:40:08 +0000 2018,0.732,0.183,0.085,RT @suilee: Here's our first take on Wu Xiaohui's surprise trial. He's denying all charges. China Says Anbang‚Äôs Founder Defrauded Investors‚Ä¶,@nytimesworld
468,-0.5859,Wed Mar 28 08:25:29 +0000 2018,0.817,0.183,0.0,"RT @PatrickKingsley: Last month I wrote about Viktor #Orban's assault on the hardware of #Hungary's democracy ‚Äî its constitution, electoral‚Ä¶",@nytimesworld
469,0.34,Wed Mar 28 08:12:38 +0000 2018,0.701,0.117,0.182,RT @NeilMacFarquhar: Articulate whistle-blower says data miners took ‚Äúcolonial‚Äù delight in secretly manipulating other countries via @NYTim‚Ä¶,@nytimesworld
470,0.0,Wed Mar 28 08:01:58 +0000 2018,1.0,0.0,0.0,The message from a whistle-blower who testified in Britain's Parliament about data-mining: If you aren‚Äôt already wo‚Ä¶ https://t.co/xlak56N900,@nytimesworld
471,0.0,Wed Mar 28 07:51:27 +0000 2018,1.0,0.0,0.0,"Morning Briefing, Europe edition: Here‚Äôs what you need to know to start your day https://t.co/2zPUOnIrrQ",@nytimesworld
472,0.2846,Wed Mar 28 07:41:13 +0000 2018,0.779,0.089,0.132,"‚ÄúI know some people think it‚Äôs cruel to the fish, but really I‚Äôm doing it a favor. Because now the fish looks bette‚Ä¶ https://t.co/LMD3KbzEj3",@nytimesworld
473,0.2263,Wed Mar 28 07:30:52 +0000 2018,0.917,0.0,0.083,"Myanmar chooses a new president, but he may be little more than a ‚Äúhuman pen‚Äù to carry out the wishes of civilian l‚Ä¶ https://t.co/mTPx2C7pjs",@nytimesworld
474,-0.6705,Wed Mar 28 07:20:29 +0000 2018,0.809,0.191,0.0,"The U.N. has reauthorized an inquiry into its most enduring mystery: who or what killed Dag Hammarskjold, the iconi‚Ä¶ https://t.co/9xNlFL9EpQ",@nytimesworld
475,-0.5574,Wed Mar 28 07:00:11 +0000 2018,0.854,0.146,0.0,"‚ÄúI am thinking about the family of the butcher, about the customer who died for nothing, and about the colonel who‚Ä¶ https://t.co/Sse0ZXlzuI",@nytimesworld
476,0.7184,Wed Mar 28 06:43:13 +0000 2018,0.692,0.075,0.233,"RT @stevenleemyers: ‚ÄúI know some people think it‚Äôs cruel to the fish, but really I‚Äôm doing it a favor. Because now the fish looks better an‚Ä¶",@nytimesworld
477,0.0,Wed Mar 28 06:23:09 +0000 2018,1.0,0.0,0.0,"Each of the carriages is bulletproof, making them thousands of pounds heavier than average. The trains' estimated t‚Ä¶ https://t.co/GBLimAfL5B",@nytimesworld
478,0.0,Wed Mar 28 06:11:17 +0000 2018,1.0,0.0,0.0,"In an 8th grade history textbook, Hungarian students are told that Prime Minister Viktor Orban thinks refugees are‚Ä¶ https://t.co/jmIFtvr8tq",@nytimesworld
479,0.0,Wed Mar 28 05:59:27 +0000 2018,1.0,0.0,0.0,"Morning Briefing, Europe edition: Here‚Äôs what you need to know to start your day https://t.co/HdiPDUNmoa",@nytimesworld
480,0.0,Wed Mar 28 05:48:46 +0000 2018,1.0,0.0,0.0,"Unlike Art Basel Miami ‚Äîfamously dubbed the ""running of the billionaires"" by the journalist Tom Wolfe‚Äî the initial‚Ä¶ https://t.co/frXgcIDxNZ",@nytimesworld
481,0.0,Wed Mar 28 05:30:12 +0000 2018,1.0,0.0,0.0,A German gynecologist who provided patients information about abortion has stoked a debate over the Nazi-era law th‚Ä¶ https://t.co/SjDPVIODx9,@nytimesworld
482,0.25,Wed Mar 28 05:12:08 +0000 2018,0.714,0.121,0.165,A Catholic bishop was taken into custody in China after reportedly refusing to celebrate Easter mass with a governm‚Ä¶ https://t.co/IJlkWvMd4L,@nytimesworld
483,0.0,Wed Mar 28 05:00:02 +0000 2018,1.0,0.0,0.0,"Morning Briefing, Europe edition: Here‚Äôs what you need to know to start your day https://t.co/0ENm7RMqQN",@nytimesworld
484,0.0,Wed Mar 28 04:48:34 +0000 2018,1.0,0.0,0.0,"RT @amyyqin: My latest deep dive (sorry, couldn't resist) --&gt; Cosmetic Surgery for a Pet Fish? In Asia, This One Is King of the Tank https:‚Ä¶",@nytimesworld
485,0.0,Wed Mar 28 04:31:37 +0000 2018,1.0,0.0,0.0,Anyone who has house-hunted in Sydney knows that finding a new home deserves a big multicultural celebration https://t.co/bvUFjgS7O4,@nytimesworld
486,-0.296,Wed Mar 28 04:31:25 +0000 2018,0.746,0.154,0.101,"Egypt‚Äôs presidential election is shaping up to be a low-watt and joyless affair, the antithesis of the youthful pas‚Ä¶ https://t.co/CmaO02t2z4",@nytimesworld
487,-0.4019,Wed Mar 28 04:10:18 +0000 2018,0.711,0.178,0.111,"More than a half-century ago, the leader of the United Nations and 15 others were killed in a mysterious plane cras‚Ä¶ https://t.co/z2HoA4kDZn",@nytimesworld
488,-0.3612,Wed Mar 28 03:59:04 +0000 2018,0.872,0.128,0.0,"What drives Kim Jong-un? Read our profile of North Korea's leader, a moody young man with a nuclear arsenal https://t.co/q3pEptyafa",@nytimesworld
489,0.0,Wed Mar 28 03:59:04 +0000 2018,1.0,0.0,0.0,North Korean leader Kim Jong-un's secret visit to Beijing unfolded in extraordinary secrecy: It was confirmed only‚Ä¶ https://t.co/tmsR3f3tKe,@nytimesworld
490,0.0,Wed Mar 28 03:45:29 +0000 2018,1.0,0.0,0.0,The message from a whistle-blower who testified in Britain's Parliament about data-mining: If you aren‚Äôt already wo‚Ä¶ https://t.co/g7SauBdBVl,@nytimesworld
491,-0.6705,Wed Mar 28 03:33:05 +0000 2018,0.8,0.2,0.0,"Lt. Col. Arnaud Beltrame of the French Gendarmerie, who was killed after exchanging places with a hostage, will be‚Ä¶ https://t.co/Pvu78MeDNT",@nytimesworld
492,0.0,Wed Mar 28 03:15:02 +0000 2018,1.0,0.0,0.0,"RT @amyyqin: Unlike Art Basel Miami -- famously dubbed the ""running of the billionaires"" by Tom Wolfe -- the initial scene at the V.I.P. pr‚Ä¶",@nytimesworld
493,0.0,Wed Mar 28 02:59:06 +0000 2018,1.0,0.0,0.0,British lawmakers hear testimony from a pink-haired whistle-blower who worked for a company that gave its clients a‚Ä¶ https://t.co/75iwQ3ebyC,@nytimesworld
494,0.3612,Wed Mar 28 02:50:07 +0000 2018,0.889,0.0,0.111,Some Egyptians were promised boxes of food to vote in the presidential election. Others were paid from $3 to $9. https://t.co/vmf6X2GFBP,@nytimesworld
495,0.3612,Wed Mar 28 02:36:03 +0000 2018,0.884,0.0,0.116,"What are countries like North Korea and Iran really doing at out of sight nuclear reactors? Someday, antineutrino d‚Ä¶ https://t.co/ftFc9nVkp2",@nytimesworld
496,0.4767,Wed Mar 28 02:26:13 +0000 2018,0.843,0.0,0.157,"RT @amyyqin: My annual dispatch from Asia's top art fair: At Art Basel Hong Kong, Local Galleries Seek a Bigger Piece of the Action https:/‚Ä¶",@nytimesworld
497,0.8442,Wed Mar 28 01:53:05 +0000 2018,0.664,0.0,0.336,"Fish as status symbol: ‚ÄúFor Chinese, keeping fish is about bringing good luck and wealth, and the Asian arowana are‚Ä¶ https://t.co/qvITgl7tJ4",@nytimesworld
498,0.0,Wed Mar 28 01:18:01 +0000 2018,1.0,0.0,0.0,"Your Morning Briefing, Asia edition: What you need to know to start your day. 
https://t.co/Bkdw7jufei
Get it by em‚Ä¶ https://t.co/vfk7cIMqrX",@nytimesworld
499,-0.3182,Wed Mar 28 00:59:07 +0000 2018,0.897,0.103,0.0,"‚ÄúWe have lost so many,‚Äù President Vladimir Putin of Russia said in the Siberian city of Kemerovo on Tuesday. ‚ÄúWhy?‚Ä¶ https://t.co/WhWmW7SQDP",@nytimesworld
